user_id,full_name,version,insurance_company
5d76ab48-8ab5-4078-8ff4-799c2c53a91f,Dorolisa Leng,8.64,Cardinal Health
867ea93e-0943-4554-b67d-7bd5a86b09e5,Opaline Wheeler,0.2.7,STAT Rx USA LLC
b9b73ccf-0220-4820-8583-3f93b6190dee,Florella Da Costa,0.4.5,"Blu Pharmaceuticals, LLC"
107ad123-6c51-4b0a-93fc-882e9a9906da,Anne Betje,1.68,Jafra Cosmetics International Inc
ade4d7ba-528b-44e3-8e32-76f985da453d,Walton De Blasi,0.97,"Antigen Laboratories, Inc."
0d1dc9ee-72ab-4b94-ba8e-c04028655e7e,Maurise Coleford,7.9,"Caraco Pharmaceutical Laboratories, Ltd."
67f7867f-1f46-442f-874b-bab302b3d464,Rey Crummey,0.59,King Bio Inc.
f9ff8dde-f54f-4a22-9f8d-0cd398a4a3b7,Jemima Siss,5.97,Select Brand
8b51b303-9e3d-4f16-8571-f159878ea797,Waylon Keary,0.4.7,REMEDYREPACK INC.
b6952a6b-ffce-4413-8b96-860ddb6f143b,Bonnie McKibben,0.3.9,McKesson Contract Packaging
8e50b96b-c18b-4859-a01c-b9af8eb5aba0,Cally Didball,9.6,Bryant Ranch Prepack
14bb77c5-c42d-4de9-83db-71349ccf4162,Judie Tutchell,0.43,Cardinal Health
f7990ed4-21ab-4bed-8237-29b3e3307663,Aksel Maffezzoli,0.5.3,"Avon Products, Inc."
71316ed1-6888-4f6c-9ef7-eba3254d07e2,Alonso Hargate,0.72,"Claris Lifesciences, Inc"
ca3eb715-efc9-4111-b70c-2de125f6db89,Brennan Cornwall,0.3.9,"UCB, Inc."
fd0d6430-1efd-49b1-a8e7-c79f4b1ccf77,Terese Haffenden,0.67,Dynarex Corporation
da022b97-7b28-4143-828f-eee1823bd7fd,Gradeigh Conquer,0.9.9,"Genuine First Aid, LLC"
b8f4ef90-b8bb-4d26-a8a3-e3bece12a2ff,Abby Pude,5.41,Cardinal Health
d9804eb0-8448-4714-b022-751d0939d3d8,Doreen Hindshaw,0.68,"McNeil Consumer Healthcare Div McNeil-PPC, Inc"
40017376-e725-4c45-8651-fad58bd151bd,Sigfrid Shortland,0.7.6,REMEDYREPACK INC.
abc2cf8f-3458-4342-8681-e81aa3649d3b,Rosemary Andrioli,2.29,"SHISEIDO CO., LTD."
3449529b-c8a0-4fa0-b85d-bffb66282faa,Carolus Coggill,7.8,State of Florida DOH Central Pharmacy
8e2f2db1-e0d4-490a-94fd-813f7d9d1e60,Demetre Baseley,8.2,"VS Shinbi Co., Ltd."
8ee5e328-81f2-4fff-a19c-e201a9db823e,Clarie De Minico,4.6,"ALK-Abello, Inc."
9d1e233d-d5aa-4d24-b90c-d744389b86b0,Dermot Le Provost,9.3,Bryant Ranch Prepack
34b9142d-11ef-48ce-9249-71cbc2572e7e,Lenora Wadworth,4.68,"SKINFOOD CO., LTD."
704861f9-6621-426b-8ee5-0e185122924a,Calvin Alkins,9.96,STAT Rx USA LLC
31c93717-2934-409f-9340-8d98f63e5eac,Magdalene Durning,0.2.6,Zydus Pharmaceuticals (USA) Inc.
ffcbb61e-6014-4dfa-aca1-79bd128e3e84,Yelena Emeline,8.64,Wockhardt Limited
8650f88e-bf55-42b2-b9fc-291a85b25f84,Dottie Sommerscales,8.0,"Nelco Laboratories, Inc."
88a42680-afe0-4e85-bf1d-27791de6ab6e,Glen Merwede,5.5,"International Medication Systems, Limited"
a442b407-9407-46b9-8c53-71d3c8aad822,Luciana Blyth,0.7.8,Laboratoires Boiron
f338d605-3a8c-4746-b3dc-e216f3736c34,Loralee Winward,4.3.3,Jubilant HollisterStier LLC
65889154-26c5-42be-9270-7c16494d1f6f,Burk Griswaite,2.7,"TAYLOR JAMES, LTD."
7a22b182-ddf1-44fe-ac82-cb6a1a2ad94d,Winonah Reddoch,3.4.3,"Antigen Laboratories, Inc."
f58fbc6e-cb60-4299-8d8c-732318948853,Bruce Brettel,2.7,"Fresh, Inc."
868dcc81-a4bc-4ea8-85f4-d396ba7d79b3,Terrence Lintin,3.89,Direct Rx
c4f51af1-cfbe-4964-9ef9-30828ade328b,Leon Gerardin,8.33,"Antigen Laboratories, Inc."
2247fda4-b984-4cd3-80e8-dad56cda57bc,Leeanne Trenbey,3.79,Kinray Inc.
2f8fd4d5-47b8-4238-befc-94eaa4df0c93,Roselin Weaver,6.13,Rebel Distributors Corp
f13c528a-63b1-47aa-ac2d-39848162f5d2,Jan Newbatt,2.6,Hydrox Laboratories
aa7405f1-5346-4c47-abea-728549f84251,Tally Camelli,0.23,Reckitt Benckiser LLC
94295a44-43ad-4749-bb9f-4691b618e676,Berky Arlidge,0.1.1,State of Florida DOH Central Pharmacy
733bef47-4979-4b3a-ab3b-d4e981359034,Daloris Nosworthy,8.3.5,"Upsher-Smith Laboratories, Inc."
c8a519c4-4f88-4388-b5bc-ca921b652505,Carson Barthel,0.37,"Fenwal, Inc."
b54c5da1-6e5b-4935-90ae-e9f5619f4102,Linzy Trubshawe,0.8.1,"Blenheim Pharmacal, Inc."
2e91b01f-a815-412b-a59a-231027b8baf7,Gage Govier,0.73,Apotheca Company
245bef9e-353c-4a54-8c5b-e4ac8a234a93,Augy Vaszoly,0.91,Rebel Distributors Corp.
f96babb1-4058-4496-a029-aeb366b05dad,Dominga Dummer,5.4.3,St Marys Medical Park Pharmacy
c0fd3371-6a29-4497-912c-24d468d13530,Saidee Paulo,6.96,"Antigen Laboratories, Inc."
8be9170f-c184-4488-8504-42c0be4f6806,Kippie Malsher,8.3.7,Novartis Pharmaceuticals Corporation
dcec3616-190d-4602-9d45-358c2108773e,Maurita Ghiroldi,9.4,Dermaesthetics Inc.
881abfaf-6b30-493b-82e6-d87042c947b5,Dud McClary,6.17,CVS Pharmacy
18c6636b-f468-4f78-8511-c986aa6aca74,Rolf Lenin,7.34,"Deseret Biologicals, Inc"
05d2d107-a815-4529-bc1c-d5d989da738b,Zack Halladay,0.12,CVS
af0f4886-04b0-43c7-a663-afd03ea59322,Archie Yukhnin,5.5,Kroger Company
fea383ee-e1f5-40a1-a708-76a9ad936fa6,Vyky Haslin,0.3.7,Aurobindo Pharma Limited
c8084527-cf6f-497e-a742-39e10bae978a,Rayshell Windrus,0.4.9,RedPharm Drug Inc.
d089b34e-f4f8-4737-8362-ccc2294c6e4f,Emery Clear,0.5.0,Wockhardt Limited
e78cc794-6c31-4625-a8a4-f1ad0c36fea5,Verge Lamblin,4.6,Guna spa
edfc8b01-4780-4560-b520-8ca6349dbf21,Chrotoem O'Coskerry,8.20,"Nelco Laboratories, Inc."
1be2f0d1-2d9a-48c5-aadf-aa002126c91c,Molly Keer,0.98,Amneal Pharmaceuticals
8266ad1e-a728-43e9-8d0e-15ea492bb808,Marlon Kaveney,0.1.4,"IVAX Pharmaceuticals, Inc."
243435a4-d9e9-4f82-8469-5f526f4ff972,Zabrina Hugonnet,0.15,AGILA SPECIALTIES PRIVATE LIMITED
83c68546-eb38-46a2-83ea-fa7f59ea472d,Nevil Abdy,2.8.1,CHANEL PARFUMS BEAUTE
e22a5f3f-a014-4227-91ef-61a8044d24a6,Spense Jedrzaszkiewicz,1.28,Mylan Pharmaceuticals Inc.
aa1660de-a049-4e0f-84c5-f02b765dbb76,Alma Luetkemeyers,6.06,"NCS HealthCare of KY, Inc dba Vangard Labs"
7263df0f-484e-44da-a468-04980c3894c5,Simon Karp,4.11,"Allergy Laboratories, Inc."
729134f3-3037-4222-a42d-0ea638be076a,Leola Crosfeld,7.2,Guna spa
ef50feac-5fbc-4d78-afd6-21a6bce3bc92,Gabi Sizland,0.29,"Golden State Medical Supply, Inc."
c3d8d2a8-1ad1-41bf-9398-769603b63f00,Grace Mattin,0.44,"Certus Medical, Inc."
7ceef77a-9edd-48ff-873b-c4ce73e222d7,Lissi Linger,6.4,Neutrogena Corporation
bcff1f60-f160-4d48-af20-75e1e609c53c,Charissa Giovanitti,8.5.9,"United Research Laboratories, Inc."
3f7576c1-9986-4e59-b5c1-828f29ad7393,Siusan Twelftree,0.23,"Johnson & Johnson Consumer Products Company, Division of Johnson & Johnson Consumer Companies, Inc."
691d2d8e-f2e7-4587-a819-5ba437572b7a,Rawley Springthorpe,2.0,Macleods Pharmaceuticals Limited
5e62e431-d979-480f-896d-1413a9c0de88,Mehetabel Hannon,0.22,Kmart Corporation
5f03a204-6c18-442d-b604-134a3a597afc,Cairistiona Riddlesden,6.85,Save-A-Lot Food Stores Ltd
2001899c-b495-40f9-a3e4-225df2281bd4,Cristionna Maulin,0.7.3,"Preferred Pharmaceuticals, Inc."
c661b29c-45ec-4905-94ef-a375337ebb3a,Gaye Palek,0.37,"Ventura Corporation (San Juan, P.R)"
2b67bc2d-0908-4fc2-815f-5e440b27652e,Ariella Sammonds,8.5.2,"APP Pharmaceuticals, LLC"
5c1ce333-fb3a-4d09-bbc6-776a1be353a1,Fairlie Gierth,7.2,"BioActive Nutritional, Inc."
1319c02f-50fc-49fe-ba92-f6b608c25dba,Percy Otto,0.70,"Aphena Pharma Solutions - Tennessee, LLC"
b095cfdf-40ee-400d-813f-d236b6d96557,Marnia Cheng,5.82,Claris Lifesciences Inc.
56544aae-0bac-450f-99cb-27eaea92da7f,Jeffrey Kime,5.02,Amerisource Bergen
303c2454-19f6-4102-a954-1f577b825294,Fabe Crolly,7.2,"PD-Rx Pharmaceuticals, Inc."
d6b54f3f-bcf1-4ed3-9c77-232bce665059,Lammond Loomis,7.79,Meijer Distribution Inc
a3cf3bd8-1f98-4cbd-8cac-a1ede31f1124,Sauveur Duignan,7.3,"Nelco Laboratories, Inc."
71369da4-47a4-474a-87c7-862d006e68b0,Jean Shilling,7.5.2,West-Ward Pharmaceutical Corp
4da9ed86-a9fa-455d-aa20-3f983ae8295c,Mannie MacAllaster,0.55,"Watson Laboratories, Inc."
79f17390-ee08-4b30-9e97-4d8f1273f757,Lurline Casa,7.6.2,Apotheca Company
b3dbdf2a-3933-4e4d-9057-cb61f058e267,Kerrin O'Gormley,2.9.5,"Seyer Pharmatec, Inc."
7bccacc7-1923-445a-b8d6-fca656e928cb,Jobie Noni,0.2.2,"GRIFOLS USA, LLC"
ef5747e0-2068-4b73-93ec-99793235e706,Kim Enderwick,9.5.5,Amneal Pharmaceuticals
5715c544-134b-4b68-aebf-356ff743d773,Claresta Potte,7.91,"Aphena Pharma Solutions - Tennessee, LLC"
df184600-eef4-4b3f-af1d-c65a96ef6181,Gertrudis Matteoni,0.9.5,Wakefern Food Corporation
78965a63-1971-4a80-a397-e14cb09e17ac,Sara-ann Limprecht,0.93,Major Pharmaceuticals
9bb65418-d0d1-4e2e-b618-7cf29fa3e3b1,Burk Darben,3.92,"Allure Labs, Inc."
bf682b77-c0de-4c6a-8dd6-ebd72b6c6bfb,Bronnie Littlewood,9.6,Cobalt Laboratories
adaf0a60-d11e-4887-a1a3-6abf08d660f5,Lois Dreigher,5.7.0,"ALK-Abello, Inc."
1b9f8d6b-dec4-4a1c-901a-c625139445b2,Tait Ondrak,5.1.2,Parfums Christian Dior
0879881a-eb95-4487-9521-fd76f4a93278,Thurston Tower,7.52,"Hospira, Inc."
7231c421-19da-4a10-b0c1-01728f78b717,Haywood Cowhig,2.0,Northwind Pharmaceuticals
32933f45-fc34-4615-b868-1d19a42fe931,Gae Tristram,0.87,Mylan Pharmaceuticals Inc.
54ebe9bf-2de9-40de-8f5c-19f089c4b47a,Yardley Sigars,0.6.7,Lake Erie Medical DBA Quality Care Products LLC
74ad2fcb-d58d-40d0-8dae-75d9ed4bc613,Sayre Dahle,0.43,"Nelco Laboratories, Inc."
8c97f898-01c0-4d6b-baf3-fba7fa3c6df1,Danya Hadleigh,4.1,"Teva Women's Health, Inc."
f56469c9-5437-49d9-98d0-ef237c185921,Genevieve Boater,5.84,"Ferndale Laboratories, Inc."
ffc4d479-1b79-4d87-9ac2-b277df0d7a25,Aviva Geane,2.2.5,"Allergy Laboratories, Inc."
d54b29dd-6aa6-436f-9456-9136c3b4defd,Elmo Marcombe,4.83,Uriel Pharmacy Inc.
11f0075d-b738-481a-9841-1eb98561bc3b,Mamie Collip,0.9.7,"Physicians Total Care, Inc."
934c9b72-3490-4407-bdb2-54fd2d3191d4,Esma Branigan,3.6.3,"Preferred Pharmaceuticals, Inc."
482b9583-fa6a-4ee9-9df6-7815288ec88a,Ermina Tolworth,3.8,"Janssen Pharmaceutical, Inc."
2875f21f-d6f9-4d7c-861a-5ec04fd2c66b,Dori Yannikov,5.4,"Physicians Total Care, Inc."
58b4d55c-362a-4a22-825a-ca1343c5a116,Tully Burwell,6.62,Clinical Solutions Wholesale
643e1d14-b352-4390-949a-8dc1c5ba9a87,Joshia Antusch,6.8.2,Wakefern Food Corporation
51f8fa81-4418-4b2c-a3b9-2cd4233797df,Gawen Presho,2.0.9,SAM'S WEST INC.
759b1c58-9c0f-4807-a9df-bddec7a37a83,Coleen Duckerin,3.7,SHISEIDO AMERICA INC.
ed257898-8dae-4389-8fff-04dc6acb1efc,Antony Aksell,4.3.4,Bryant Ranch Prepack
f8b8a905-f25b-461b-9bda-046bb18ebac7,Derrick Scatchar,6.1.2,"Allure Labs, Inc."
40d09a3d-0c49-4768-b2b7-51ca36813a02,Bella Rocks,0.53,Rebel Distributors Corp
3514ab18-2cfd-49bf-a3a3-4193c374622c,Carlynne Anthon,0.78,Novadaq Technologies Inc.
2eb7e01f-d13f-4abb-964e-c472071f94df,Robby Milier,0.2.0,Jubilant HollisterStier LLC
175c5e44-e32b-48f3-abf8-a17f7fed6514,Base Beckerleg,0.3.5,Cardinal Health
cddb5a00-fdd6-47c8-82bc-6c8a6ba1201e,Viki Kenwyn,0.2.6,Amerisource Bergen
89bfb32a-d987-4141-aff4-27408ba021bd,Benny Ygoe,7.68,REMEDYREPACK INC.
e4c32115-04e8-4180-a0bf-991839dec973,Barron Evens,0.40,The Dodge Company Inc.
b7285235-2a8a-45e4-885a-44d0314e757d,Kimmy Benfell,0.5.8,Rite Aid
56610bdb-e398-4161-8289-e9a5e969696d,Hastie Worsell,3.2,"Physicians Total Care, Inc."
920f72cf-08ca-4a96-a3ba-2e8f3f25a7c2,Helsa Furnell,5.33,"Avon Products, Inc."
443f18cd-31b7-4106-881b-55fd732ee58d,Leigha Greader,6.98,REMEDYREPACK INC.
f80851ab-889d-4caf-a694-0bd131b2562b,Avigdor Craythorn,8.29,"Avon Products, Inc."
59ae0662-988f-4553-be53-95825906bbd0,Bobette Desesquelle,0.6.3,"Blenheim Pharmacal, Inc."
0b5725a1-6181-498b-88eb-2f9cc0be6874,Liva Weson,3.7.6,Claris Lifesciences Inc.
830cc319-8af5-433c-bc21-551f7b259809,Dory Khosa,0.48,Purdue Pharma LP
4b54cd02-593b-4dda-bf4a-8f94ffb2dc84,Brien Bediss,1.6.3,Innovation Specialties
6582e2c8-5f75-4561-a288-321e2efef9d3,Lavena Hudless,0.4.4,Target Corporation
32fbac50-acdd-4eb2-98c1-c1d8b772643c,Tore Adam,0.6.2,Target Corporation
e6e89300-575f-467d-a3a6-6b4e5455e79d,Dyna Ternault,3.06,Clinical Solutions Wholesale
36ff4f09-b7cc-4f6a-b2c4-b5c0d91634af,Clint Glentworth,0.57,WOCKHARDT USA LLC
79295f92-d189-4971-86fa-452567cd34f9,Ronna Vittori,2.76,ESTEE LAUDER INC
7ad4ab46-fc99-4db9-9ff8-705380db78a9,Nowell Plowell,0.1.2,Lake Erie Medical & Surgical Supply DBA Quality Care Products LLC
879ddc4c-0c51-4f8e-92e7-977a986567b4,Brandea Stanlack,0.89,"Roxane Laboratories, Inc."
df6ab4c9-e898-4df0-b098-39766706061d,Xenos Barthelmes,0.1.6,HEB
c4ddce02-02fd-4516-b499-29610a369ca2,Alard Wratten,8.2,Fresenius Medical Care North America
937b6854-041f-4544-b62f-87b3c8b02c3e,Hermy Rimer,0.45,Teva Pharmaceuticals USA Inc
422215a1-8099-4b22-b41d-2daa7bddf7ab,Julita Ollett,4.17,"RockHealth, Inc"
ebefbfd1-ba21-43e2-86f4-4b47567663fe,Jerrilee Gasnell,0.5.1,"ALK-Abello, Inc."
ab35fe9a-2f13-402f-a408-f90281157500,Alma Goney,0.48,Advanced Generic Corporation
3cc037b1-56f4-4956-9312-af804fc8d3c6,Duffy Houldcroft,0.8.8,Teva Pharmaceuticals USA Inc
e44030e6-02e8-490d-9e0e-cc2337d6eeee,Conny Emmet,0.30,"Physicians Total Care, Inc."
5a727e29-0e8b-4f57-9555-6e5cde57a8fe,Jori Sirmon,6.42,NARTEX LABORATORIOS HOMEOPATICOS SA DE CV
76d42994-b099-496e-ab8c-4f11e2b08915,Alvis Jopson,8.1.1,Cardinal Health (Leader)
7595df49-06f3-43f1-aab2-d358f1a89d9b,Lek Hacquel,5.24,Kimberly-Clark Corporation
b4d62bc4-d31e-4023-87f7-9c0b60b53251,Celinka Simanek,0.41,TOPCARE (Topco Associates LLC)
bd6dba0e-e273-43a2-9f97-10b52fe95d01,Clementius Siveyer,4.2,sanofi-aventis U.S. LLC
11065741-e47a-402e-950b-f9946f01f94c,Fax Chaffer,2.9.8,"Allergy Laboratories, Inc."
00e1ecd3-24cc-42fb-8fd9-d4ffe33ca317,Anna Toffel,3.0,American Sales Company
b1139f79-0ff2-475b-a75d-007e79495a01,Sofia Baumaier,8.6,Apotheca Company
1201588d-63dd-4b13-bee6-c898003d3a38,Netti Prisk,6.9.3,"Physicians Total Care, Inc."
71961258-2a24-4939-9282-46b7dd617d68,Valentijn Allcoat,0.22,"Biometics Co.,Ltd."
3e50dce4-e349-470b-b68b-9526bd3662a3,Ronnie Keets,0.6.7,Menper Distributors Inc.
52fa5752-a947-42a8-a186-91f05d345e27,Cullin Tallboy,0.96,REMEDYREPACK INC.
f36896ce-f606-4606-984d-5f7d5caf9eb9,Rutherford Smail,3.7,"Nelco Laboratories, Inc."
428b50f5-a688-4257-afbd-395c5e69a9cb,Lauretta Curless,7.3.6,"Coloplast Manufacturing US, LLC"
0dfb01a8-dada-4de0-b430-96939fdcdd04,Veradis Gwilym,0.81,AnazaoHealth Corporation
0dd4980d-0f22-40a7-89d2-a1fb5beb8a90,Debbie Craiker,2.38,NARS COSMETICS
aecc91a1-2a6a-4478-b418-b53d53f27c43,Polly D'Cruze,0.88,"Golden State Medical Supply, Inc."
3a85eadb-ba18-4a38-9faf-628de9884369,Aaron Blonfield,6.2,"DOLGENCORP, LLC"
924f94e0-5ba2-443c-b967-d8fdfc76c365,Andromache Sandeland,2.1.6,Rebel Distributors Corp
21d5d094-9b7e-4587-8c6b-60657e7d2300,Kassey Whitters,5.75,"Roxane Laboratories, Inc."
2dac4743-1028-49ba-a90b-a625e827142b,Cristina Gloyens,3.1.1,Best Choice
76d757a7-86ab-4d40-859e-3da5e29ea3c3,Zaria Simnell,0.74,TOP CARE (Topco Associates LLC)
d660b6fd-70c3-4434-92fc-23cb1b1c9821,Alastair Croston,6.59,"Caraco Pharmaceutical Laboratories, Ltd."
ff189f68-8600-41e4-b070-ff0056d00ecd,Thurstan Kilmurray,6.1.6,Physicians Formula Inc
821d9725-cc8f-42d6-a500-e5bfd8a2319b,Else Leggs,9.8,ECR Pharmaceuticals
4dbf7301-e145-4589-98a0-aa233154157d,Edee Brahan,0.5.8,"Napoleon Perdis Cosmetics, Inc"
7607bd99-9bff-422a-a63f-813880a097fb,Leonie Carlill,6.0,Mason Chemical Company
43078ec3-372f-42ae-906b-c7710bef3f83,Korie Pleaden,0.5.2,Glenmark Generics
ea355f61-3391-452d-a798-832b4188bd1a,Hatti Braun,0.80,Dr. Reddy's Laboratories Limited
1f1c4084-4703-4f6a-8450-0cb772384064,Wolfy Semor,5.9,"PD-Rx Pharmaceuticals, Inc."
e36b1425-af78-4609-b4c8-299b5b2eb9be,Tyrone Islep,2.4,AuroMedics Pharma LLC
67485e34-7f80-43d3-871c-e2ced3a00047,Nolan Renihan,0.25,Guerbet LLC
0f928b6b-7552-46ff-883e-c07d550ea6cc,Lorne Klementz,0.94,HealthLink
a069e607-0da8-44a2-bb18-42e1b3e46cc9,Germain Dobbyn,0.97,DZA Brands LLC
2084af3c-8c16-4d96-b1e1-bcb69a30bb37,Lidia Neller,2.9.5,Rite Aid Corporation
503c547d-add7-4233-addf-f95f83110c7b,Auguste Ferraresi,1.47,Cardinal Health
2c609700-926b-4bc8-9515-7cb11781939c,Ladonna Trulock,4.37,Ulta
c2d52637-c175-4f6e-a710-099439f18732,Tome Fynan,0.9.0,U.S. Pharmaceuticals
76e83b58-70cc-47f1-ae85-f7dff9613059,Annnora Lamps,0.8.0,Gurwitch Products
8f910d9a-4fd1-4545-96a6-18ea6653fc03,Eduino Cyson,2.2.4,Torrent Pharmaceuticals Limited
8b2b5647-a46f-4bc3-88ff-8034a34bd1f8,Willy Coldham,1.29,Cardinal Health
a99550cb-fb35-4db1-8f1a-cf0b549ecb32,Nick Tantum,5.37,Western Family Foods Inc
d3a9c359-200a-49fb-a4bc-a48c42525cd8,Marta Lagne,2.4,Major Pharmaceuticals
2d9e6877-ef95-4177-901b-b156719732cb,Roderic Gammage,0.65,"Desert Biologicals, Inc."
d47fa9e7-c690-4ef6-9cb0-1197ff051354,Consuela Nestoruk,0.70,REMEDYREPACK INC.
678357c0-6ce4-4c3d-a148-b0fb2f6475cf,Vail Erskine Sandys,0.2.6,REMEDYREPACK INC.
698d7fc8-00c8-447a-8143-767be8a18e07,Rickard Gladdin,0.31,"E.R. Squibb & Sons, L.L.C."
63d56943-fb71-46e3-ad8e-88ce9dcdbb37,Jim Atkinson,8.0.6,Lake Erie Medical DBA Quality Care Products LLC
7c1e6939-bfd2-47e2-b5d3-b05a5ba4d730,Kelila Inskipp,9.98,Ranbaxy Laboratories Inc.
1dc28912-f069-424d-8719-42b4d49ddc8d,Barty Itzkowicz,8.3.6,REMEDYREPACK INC.
deccf7d0-9fd7-4985-ba5a-26bc8248d98d,Jodi Tripcony,9.5,AMOREPACIFIC
fe6e0d26-eebd-44fc-a48d-a3bc8d476a1f,Tuesday Pinard,0.3.4,Nash-Finch Company
97433a21-efb1-4839-bc79-569e97d0c3fd,Ingmar Alanbrooke,0.82,"Antigen Laboratories, Inc."
b447cc42-8990-4891-b238-757bcdac1a91,Dulcie Selway,9.8.1,"ALK-Abello, Inc."
b7a7da47-a382-4fa6-8b18-5e58e4467e21,Anson Durrance,9.11,H E B
d3072903-0d76-4bcf-9d04-8b30be8aea77,Harley Bruhnicke,4.72,Fresenius Medical Care North America
2bfbc8e7-f2be-49ae-806f-b37b7c5d045c,Tracie Day,6.46,"Native Remedies, LLC"
9aad53f1-e598-466b-9ab4-f6c570dea62b,Mirabella Garfit,0.34,"Golden State Medical Supply, Inc."
09c68895-605a-46da-9e9b-4cf62bf8fa15,Gratiana Haffard,0.9.0,Cadila Healthcare Limited
5f85d9f5-8046-4aec-a6e5-a91a96b39f8a,Broderick Colomb,0.4.4,Rite Aid
269d256d-9c19-426e-865d-bceb11c97e32,Fidelity Cadogan,0.4.4,Mylan Pharmaceuticals Inc.
da7abec5-3e67-429f-984e-9b972725e262,Moyna Paulon,7.45,Cardinal Health
5a08ec3e-e175-46f5-98ca-206268545eae,Mandie Petrishchev,0.42,Equate
fa95af32-c11b-49db-944c-83186815f480,Grover Edgecumbe,8.90,"Humanwell PuraCap Pharmaceutical (Wuhan), Ltd."
9626832a-3ba3-4ccb-82a4-e927b56b72e3,Vite Lared,0.81,"Chain Drug Consortium, LLC"
6746b426-320a-424a-9ccc-59db51be08c2,Arni Goade,5.63,STAT RX USA LLC
34be0b6c-1ba7-431d-9c61-c19c11b521a9,Stearne O' Cloney,0.99,"Elorac, Inc."
a9767a35-649c-43c1-991f-491a5222d0af,Ade Joddens,0.18,"Dharma Research, inc."
d59517ab-c6f5-4d63-ae56-a03e225b292b,Quintilla Rockwill,0.8.7,Mylan Institutional Inc.
73701567-ddd7-4ace-ac17-c69553643dd6,Gib Chellenham,0.82,"ALK-Abello, Inc."
9a3d9e1e-7a82-49d9-8783-446da5416d9b,Aila Castagneri,5.69,"Morton Grove Pharmaceuticals, Inc."
d53154f9-af6c-4a5b-a820-1a21fe84749c,Egor Malin,7.9.7,"Global Pharmaceuticals, Division of Impax Laboratories Inc."
293728f4-9182-4ad2-b410-71e97f0c7ae9,Jdavie Belle,0.15,"Advanced Beauty Systems, Inc."
b024c090-ef81-4886-b7cd-68a6bdfa6009,Aridatha Gateley,7.66,"Par Pharmaceutical, Inc."
c91e1681-bbc1-4b4d-91e3-fdd8d34cf0d2,Janaya Davys,3.05,"Crossing Cultures, LLC dba Goddess Garden"
40c8b158-b73e-479f-881e-b4c01e5cf518,Skippie Hector,7.00,"Antigen Laboratories, Inc."
45484d15-11f4-4535-af0e-f99a42b17778,Davina Orringe,6.2.6,Fusion Pharmaceuticals LLC
5f414756-fbba-4010-9578-a17c226b2f04,Jerald Scrine,0.2.0,"Johnson & Johnson Healthcare Products, Division of McNEIL-PPC, Inc."
6b720375-007a-4a18-b10f-0c3581ec13f1,Olympia Kilgallen,0.5.7,"Hospira, Inc."
e2143ffa-d7d6-45f9-ac6f-349d5102900c,Skippy Searchwell,6.6.4,"Amneal Pharmaceuticals of New York, LLC"
00da2589-9cd6-4baf-88e3-07b4076785ee,Adria McCrie,8.4,Rebel Distributors Corp
1270ea98-befc-4347-9368-d8ae1ab79b3e,Bertrando Dawidowicz,2.44,American Health Packaging
549bfbe2-82e9-405a-8128-b7a30eaed56d,Dede Bertolin,0.7.9,Unifirst First Aid Corporation
20a6c9fe-bf07-451b-86d3-4031c101a806,Ardith Calderon,0.22,"Nelco Laboratories, Inc."
fc7c44d7-77b3-4422-ab98-1c976e91674f,Gina Tomasi,6.54,Cardinal Health
9303436c-6150-4c70-af8b-45de395ceb26,Prinz Hollows,9.18,Natural Health Supply
12abd2ab-9ab8-438c-a15c-c969485b73c2,Kalle Yarmouth,9.7.3,Clinical Solutions Wholesale
5c968f7d-2e1a-4ccf-b961-ef66fa057176,Eugenio Keenor,0.78,"Physicians Total Care, Inc."
4741192a-1893-40b4-8da9-e1655144ed62,Sula Hatfull,9.7,"Antigen Laboratories, Inc."
56e72026-7413-4af0-9ca4-812cd1ec84c3,Ahmed Tomaschke,3.3.2,Lake Erie Medical DBA Quality Care Products LLC
f738b531-5db8-4260-9bcc-8d12997f38b9,Vick Jonuzi,0.9.9,kroger Co
57efcd40-a677-49e2-998a-173ba8984ceb,Doralyn Dunning,0.6.8,Steris Corporation
6a10da75-9755-4410-bcab-260e94b162ff,Frederich Tees,5.1,"Physicians Total Care, Inc."
e239a149-8b2b-4e7d-b576-ec3c7785eac7,Gisella Dymidowicz,0.23,Cardinal Health
5f494b55-c73e-4556-a047-512e6a91900b,Donia Ilyenko,5.1,"Greenbrier International, Inc."
85e4c1f0-872e-43d1-a274-1e01a39c14d9,Mercedes Kynnd,0.31,McKesson
2f7bfb51-5cb4-45be-80c8-45d45c3c0fe1,Marion Gristock,5.8.7,Parfums Christian Dior
641cd05f-0a0c-4025-b567-7e1a044cd0e4,Adolf Whyard,3.94,"Allergy Laboratories, Inc."
2614373f-481a-474f-85a6-6b1e8add9c11,Chilton Goodson,5.5,"Laboratorios Jaloma, S.A. de C.V."
a3ca0146-af8a-4930-8f9f-93caaeb224bc,Heather Sangar,9.8.5,"Aaron Industries, Inc."
2acb08dc-b1da-4828-8f37-bb91d1582787,Lauritz Schimaschke,6.9,"Triad Isotopes, Inc."
0403781b-8a5e-4edc-b845-285ea33eeef8,Bent Barends,0.90,Blistex Inc
77c8d754-8ddc-40b7-8637-d7998f1fd379,Minni Layton,0.8.7,"Nelco Laboratories, Inc."
5c27f78a-19c3-45bd-a14c-ecf505c1abf5,Kay Rudd,6.9.1,Apotheca Company
5d5fe091-414d-445c-b213-3b77469599f4,Katti Scud,4.6.4,KAISER FOUNDATION HOSPITALS
5378b8ba-4e14-4afe-ac69-03dbd972d08d,Aleece Fardo,3.4.1,REMEDYREPACK INC.
693ad0ce-d2e5-427c-a664-1d5de07764db,Yasmeen Jiras,6.5.8,Syntrion GmbH
34f6e888-275e-499a-9af7-6148049e2c3d,Lothaire Ditchburn,7.2.8,Laboratoires dermo Cosmetik Inc
235118cf-e30b-4aa6-b451-d89d1145887a,Yuri Titchen,6.7,Qualitest Pharmaceuticals
26b444c9-708f-4a78-9757-d9edc676bc80,Gardner Shrimplin,4.2.0,Conopco Inc. d/b/a Unilever
367ab0b3-5e09-46db-bd00-d6ed8246c64f,Inness Wanderschek,2.78,HyGenesis
5c417bbf-3467-44e3-b620-1968885862a8,Teresita Bowne,0.9.6,HOMEOLAB USA INC.
7c3ff9f6-3463-4ac1-8c82-b5f899673adc,Marianne Maidlow,0.43,Conopco Inc. d/b/a Unilever
fa9a1ab5-a883-4d02-a0b4-dd44863a8f60,Vevay Raybould,5.86,Apotheca Company
f753a2f5-d7fc-4490-9942-79352936c357,Dania Bruckshaw,4.4.1,Aidarex Pharmaceuticals LLC
c554069e-fe96-4662-afcd-267cbb76e1f4,Brittany Doorey,7.0,Sun Pharma Global FZE
304c8bb7-2ea5-4180-9404-eb6ee8a543e9,Corenda Oxtiby,0.8.9,American Health Packaging
ff4234b7-749f-43ac-bcb2-6d61bff576c3,Lemuel Grumley,0.60,"Vi-Jon, Inc"
98509676-1e5b-4497-8a05-465c2b97826e,Phillie Farnie,4.47,"Blenheim Pharmacal, Inc."
67569e45-2e34-4430-bd96-8eb5ba911364,Hannah Hearthfield,0.2.9,"NSE Products, Inc."
64e73eb3-b160-4ffa-ac9a-c8b85839df07,Stormy Christophersen,5.1,CVS Pharmacy
e52b65dc-264c-45e9-9d8b-dd396a5066ab,Ivie Vasler,0.5.5,NeoStrata Company Inc.
85cc3bdf-fc11-448f-9a3f-795a5a3aaaff,Julianne Wisedale,0.80,Contract Pharmacy Services-PA
003365a2-0361-4f67-9ac1-59fd1033ea7e,Lemar Maciak,2.68,Apotex Corp
e0e35bdd-5a6b-4c14-8352-76c70cf93ddf,Candy Philippet,9.5.3,NARS Cosmetics
ec58032f-cf80-43dc-8555-49f6ba354910,Raina Betz,5.86,"CIMA Laboratories, Inc."
35ea1d3b-dd76-4f32-b3f0-dec936334ae7,Krissy Wase,0.92,"Carlsbad Technology, Inc."
ff25c437-ac71-440a-97c0-575d5117e0da,Patrizius Bowell,4.71,Bryant Ranch Prepack
ee3b2bdb-3809-4fa0-822e-2950dd8ff1dc,Ann-marie Cansdell,0.11,"Ipsen Biopharmaceuticals, Inc."
95f0f2f3-1614-486a-af36-e1e59adac2d2,Duky Stockle,4.41,State of Florida DOH Central Pharmacy
6553e93e-ed74-41dc-a4e0-e226b0c7d9b2,Lonee Mundle,0.24,"Antigen Laboratories, Inc."
d45d756d-8063-4f20-b618-b56abd1d0e02,Amelie Kwiek,9.1.1,A-S Medication Solutions LLC
bf89dfdb-ba09-4e35-a0ab-6a92e7bd03ee,Gizela Kenwin,9.7,"Avion Pharmaceuticals, LLC"
57db9cb3-125b-4b80-91b3-17b7ccc72514,Patrizia Sieb,6.3,McKesson Packaging Services Business Unit of McKesson Corporation
678c1c7a-c65a-4caa-9802-921afb1fe7b3,Ag Olivas,9.7,Pharmacia and Upjohn Company
96ef455a-27bf-4a44-b02d-ddb6b7e9da5e,Brear Cargen,1.1.2,Skin Authority LLC
e950b92a-f2c4-4609-90ed-a711cf21a6fd,Silva Cantua,0.44,Teva Pharmaceuticals USA Inc
06c41746-8237-4c81-9fd3-b4b466792720,Lek Storrs,8.2.2,"Harmon Stores, Inc"
297eab89-e066-4726-a734-853617d117ab,Robinetta Wheadon,0.8.9,Family Dollar
6eeba470-7d33-4975-ab27-e97c1074838f,Costanza Bernollet,1.6,"Aphena Pharma Solutions - Tennessee, LLC"
badb6b09-8389-4ca2-a156-bf1260e13638,Linda McPhilip,5.68,"Deseret Biologicals, Inc."
dfc96f52-4260-4002-b970-22858960507a,Homerus Krojn,0.59,"UPC Medical Supplies, Inc."
893d8e89-6744-4a59-a3e4-a0d8afd99b3c,Nomi Checcuzzi,6.7.4,"Nelco Laboratories, Inc."
3a3f0cf4-a9cb-4c2a-aea6-be579a20cf4f,Rosetta Dericut,6.4,Natural Health Supply
d7d51936-429f-430d-8c5d-f081b53aa557,Latrina Sandon,0.9.6,Stat Rx USA
cca975c0-8cff-434c-9e56-1a0bfc92ff69,Reinold Kislingbury,1.1.4,"Apotheca, Inc."
cc4034c4-7cac-40d7-bc9e-637d8a0e2d55,Ramona Chess,0.7.7,Unit Dose Services
1d98765e-af10-43d8-8426-6d4d568134a8,Brice Endon,0.3.2,STAT Rx USA LLC
6b6c1968-abb9-4bfa-9052-be9b052da434,Dorry Necolds,1.98,CVS
8f6b1976-a8d9-4609-bf8c-db3f1a44c720,Shantee Yesenev,0.55,Energizer Personal Care LLC
cbb940d8-c485-4da8-b192-60e795f3bf63,Tarrance Dick,6.43,Tri-Coastal Design Company Inc.
ef52d6c0-61e5-4c86-be96-5fd64f6f542b,Cornelia Toomer,0.1.5,AbbVie Inc.
d70e08da-9313-4079-801c-98a661ace1e1,Natalina Caulder,0.13,DENTSPLY Pharmaceutical
40a62ae0-b232-42c4-a26b-626b38490bb5,Ediva Mack,2.76,Pure Source Inc.
be05498b-fe4e-44c5-9377-c892ea9d40f6,Evanne Trass,0.44,Walgreen Company
d9ed1aae-af2b-4a82-a83e-ec57a3ecaf3e,Merissa Arniz,0.6.8,Amerisource Bergen
e79d6ea5-56f6-4532-9794-a07a778053f5,Bogey Burnall,9.6,"Braintree Laboratories, Inc."
dc8dca6c-fea5-4aeb-829f-67874241e1ea,Teodorico Linskey,6.9.6,HHS/Program Support Center/Supply Service Center
ad3e377e-7e1b-4789-acf9-a892c32f0ad1,Maynord Bramham,0.50,SHISEIDO AMERICA INC.
8009a1df-b254-4f6e-9ff2-48552bd3fc15,Melony Brounfield,9.04,"Physicians Total Care, Inc."
e8afb6c6-8b92-43c4-9b28-403241116398,Marcellus Huxstep,0.60,Novartis Consumer Health
7a5952a8-8428-4998-af7f-f6484c6f9a20,Issi Konzel,6.24,AMOREPACIFIC
1552ce85-2439-40e4-91c9-ae8d3869618c,Sidney Rycraft,9.08,"Liddell Laboratories, Inc."
d939027a-ec57-4510-8a9b-8a29ef330366,Diannne Orrin,4.1,"Eon Labs, Inc."
6e6b2d19-138b-42f0-9c79-92a8144468fd,Rafi Griffey,7.8.8,"Certus Medical, Inc."
accf7668-b7c8-4a79-bd14-ba5fbb501704,Dmitri Low,5.8.8,GlaxoSmithKline LLC
4f726393-0bba-4d8f-8bd0-38611af4fa87,Francene McCourt,0.2.9,Meijer Distribution Inc
71cafa3c-1e85-4b8b-9816-500b77176ea5,Sidney Moules,5.0,Tarte Inc
c4c44f0c-e1a1-4c94-886a-e7f9275697e5,Delly Mowat,5.01,Sandoz Inc
8776b0af-441d-49a9-bc05-41820eed76b0,Star Bromwich,0.7.1,"Dental Technologies, Inc."
df1efe61-7a26-45ad-aca5-1b3b9945aa01,Rudd Vigurs,1.7,"Humphreys Pharmacal, Incorporated"
31bd9127-c9cc-4645-8a31-372008a8979b,Lucille O'Hone,2.2,REMEDYREPACK INC.
d42745d8-7f62-48d4-b741-67a4d709efdd,Duff Chasmer,0.26,"TONYMOLY CO., LTD."
f83e7922-edf3-403d-a674-ea006bb8e015,Rycca Goady,0.3.4,"Triad Isotopes, Inc."
2144709c-e37c-45ad-835c-ad0c6699c4aa,Lorrin Wittey,9.3,Apotheca Company
56ca3747-71c0-4647-8ccb-ab4f3e8fc144,Chucho Tuckey,0.3.8,"AvKARE, Inc."
4a818e5a-5372-4d52-9b6e-4ff9499ec8f6,Horace Tipperton,6.70,REMEDYREPACK INC.
b4778290-e922-4f14-bc61-f0a5c1dd99d5,Ofelia Cottie,0.35,"ALK-Abello, Inc."
b5ae8a5a-5a01-4b38-95a9-6b50335d5478,Leroi Nancarrow,0.5.5,Natural Health Supply
735b9983-b541-49e0-b6e8-24264d4682d1,Sella Melloy,7.2,"LG Household and Healthcare, Inc."
287306f2-2235-4346-a032-178a6ac39573,Ellery Malthouse,0.76,"Silarx Pharmaceuticals, Inc"
dbb1d26f-706b-457a-a04e-b85329a939da,Pamelina Heasley,8.7.2,REMEDYREPACK INC.
45329e36-3664-44a7-9c08-e3a7d6a38e22,Thebault Roycroft,5.41,Meijer Distribution Inc
52748c3e-3f16-4a87-b401-035d3e9ad17a,Dulcy Budnik,3.2,L Perrigo Company
9303101b-4cd6-431e-9bb9-ce4c0f32a924,Carolee Lipscombe,3.99,Neutrogena Corporation
455aced7-506b-4e78-abe2-6c4ce85c44a7,Nathaniel Hearne,0.7.9,"Lessors, Incorporated"
cd5a7f32-b5a4-4257-b2e2-989f2f920d5a,Lannie Logg,9.3,"Mallinckrodt, Inc"
99d8a1c8-e547-46a0-aeee-6aa736cbc8db,Sollie Mucci,0.95,"McNeil Consumer Healthcare Div McNeil-PPC, Inc"
2690eb31-fd75-4083-a3f8-514f3d4587a0,Sydney Ganderton,0.14,ERBAVIVA INC.
8695fce4-8259-43f7-a571-70743a96a087,Ely Knox,3.56,State of Florida DOH Central Pharmacy
d7d76ad5-53eb-48bc-b12c-e22341199cfe,Vern Lowmass,0.2.9,Akorn Inc.
7cb4a083-a72c-458d-a35d-153653f698b9,Amitie Kytley,8.2,Baxter Healthcare Corporation
5577c2fd-aae9-4ee2-aa45-89178d8f6529,Rorie Larman,0.83,LVMH Fragrance Brands
81e3aa34-4a87-4715-bf2b-2d7281d16e12,Genna Deuss,6.9,"SHISEIDO CO., LTD."
01cca3a1-686b-470f-802c-5d3481b28154,Izaak Grey,0.94,Haemonetics Corporation
267e3aa4-9939-42b6-b339-ada12c7ae70e,Sophi Izakof,0.25,"ALK-Abello, Inc."
3c6ffee0-f256-44ea-b927-e19bc23ccc77,Modesty Rogers,1.0.2,REMEDYREPACK INC.
d4f46d4d-a19d-4bcc-98d0-980bb753d82d,Amalie Rives,0.5.4,SHISEIDO AMERICA INC.
bebe1a3f-51f4-467b-b39e-5d453a863bee,Penny Sperrett,0.16,STAT Rx USA LLC
8b000e1f-af47-4f7a-9f9e-0b1d9d41f4b3,Alameda Metterick,3.4.6,"Preferred Pharmaceuticals, Inc."
8287c798-ba0c-43fe-8505-58b8e55bb866,Amandie Hockey,3.8,Chemco Corporation
d7fbb37e-3390-4fcd-9bff-60aea0ea0906,Timmy Hamblin,0.76,"Cispharma, Inc"
cf8a81a4-a8e6-4601-88ae-b40aecf3e5b9,Gus Hoggin,6.55,"Antigen Laboratories, Inc."
7368b689-51d7-4eab-8e36-9b991ba5862b,Walther Athersmith,0.84,"MSD Consumer Care, Inc."
c006e6c9-37af-4fbd-889e-87c0fcf56f95,Dorri Merioth,0.99,Torrent Pharmaceuticals Limited
586091d4-1ae4-4d74-b723-24632677dcd7,Andrew Fewtrell,2.47,"NANDA CO., LTD."
343e9969-590d-4f18-b225-f85fd3e64c22,Deidre Wilfling,2.7.2,Wockhardt Limited
3f791ad8-407a-479c-a4cf-2461ced9cb37,Maddy Drage,0.7.8,Jubilant HollisterStier LLC
b7db91dc-6998-4ca8-862e-e59741d8e954,Cammie Sumbler,8.57,GREENBRIER INTERNATIONAL
f88c77f3-45aa-4fc7-b88f-9d95e06cb46f,Decca Coenraets,1.24,"PD-Rx Pharmaceuticals, Inc."
e35f65f1-e848-45c2-9dc8-b70a7f791bc7,Ketty McTrustey,7.7.6,Jubilant Cadista Pharmaceuticals Inc
25530f89-31ab-4356-9a4e-93e6a72b888b,Kaylil Winterborne,1.61,L. Perrigo Company
4fdec32e-d72a-4308-85f8-cc359aff26da,Daniela Venditti,0.6.5,"Physicians Total Care, Inc."
65eab88f-3d4e-4a0d-874c-ac47f9e96ccf,Gerri Rogister,0.9.8,Unit Dose Services
4dd37f19-f6c8-440d-9f8f-304d983eda8a,Shannen Domange,0.75,Pharmacia and Upjohn Company
d6a466cd-7447-48ed-9523-bb15da067fbe,Robenia MacAllister,7.5.3,Walgreen Company
e6b9209a-6717-4c19-81b0-56e608c6eb9d,Brit Nottingam,1.8,"Nelco Laboratories, Inc."
9eb1f3b2-2725-4b92-984a-f8ba8692bd40,Emmy Milksop,7.29,WALGREEN COMPANY
fd9f9264-60bc-45ec-8337-d2d9e63d687d,Townie Kummerlowe,0.7.4,McNeil Consumer Pharmaceuticals Co.
1df1e66c-8482-4adc-b526-f422fc5b759d,Iolanthe Iacovides,0.6.5,REMEDYREPACK INC.
ec6c2e07-9289-4821-bdfe-e23c8e5b009b,Lizzie Calladine,5.6,Kroger Company
5707bc25-df9e-4964-b98d-80e572559b5a,Moyna Atyeo,0.3.8,Deaconess Home Services dba Deaconess Home Medical Equipment & Infusion
e06e2ce8-463a-4133-a676-54b4c6609592,Angil Bracci,9.1.3,"ALK-Abello, Inc."
ec0c8c26-c716-4d5e-92b8-e9a2b76349ae,Nat O'Donoghue,9.3,KAISER FOUNDATION HOSPITALS
2f43a335-4d96-4ca9-97f6-de7f1e064f6a,Lorry Carrodus,0.6.2,"Matheson Tri-Gas, Inc."
6f29edc9-2d23-4e59-a61f-118de5c45b12,Muffin Bucham,1.6,Sandoz Inc.
ccfd17eb-db47-4861-804d-f5776f588aeb,Davy Celli,0.8.3,"Reckitt Benckiser, Inc."
ded15164-d9b3-40d8-b051-6f6f1141c5a9,Skylar Fluck,8.3.5,Unit Dose Services
72c1e44f-d4fb-4330-a0de-7b63e7035160,Tabby Esherwood,9.78,"MedVantx, Inc."
efd3a4fa-3128-4352-be1d-3d9cb933ba2c,Candida di Rocca,6.4.0,Teva Pharmaceuticals USA Inc
b8c8c237-3299-43d1-96a2-089e77c97218,Cariotta Wadhams,0.1.1,REMEDYREPACK INC.
10fe9173-08e4-4c7d-9293-9bd9f96fa21b,Amabel Veighey,0.2.1,Merck Sharp & Dohme Corp.
25dd9189-375b-4aa7-bbb6-db3619a3cda1,Alexei McDaid,6.9.4,"Antigen Laboratories, Inc."
fe8a5174-783b-4b19-bebe-8ae7a45c802d,Georgina Critchell,3.67,Mylan Institutional Inc.
856eea19-b735-4f32-8209-1a25b4aee8ee,Myra Thurske,1.2,Bryant Ranch Prepack
83f6ea45-5af7-4839-95ce-e6e3254ec0cd,Elsa Deakin,0.2.4,State of Florida DOH Central Pharmacy
7655bc44-fa07-4737-ac45-ef3b7c4c2a89,Tyrone Tubb,1.47,Rugby Laboratories Inc
895c25eb-67b9-445b-aba9-569128c6ce42,Margo Clack,6.2.5,Cryo Weld Corporation
1c6276f7-5b76-4ad0-87f7-fef205ef2164,Daven McAllister,8.1,"Physicians Total Care, Inc."
d3ceaf0d-074f-49b2-bba7-0408522ce104,Stesha Swinglehurst,0.3.6,Natures Way Holding Co.
28e7fb00-3f1b-4f23-8494-13c043736d31,Coreen Witherow,4.6,"Blenheim Pharmacal, Inc."
68e690d6-d3b7-4097-a1da-9b4426c0965a,Hermann Popping,5.6.5,NARS COSMETICS
741d293d-472d-4edb-83ce-3ce56605157e,Stacia Mongin,7.9,"Deseret Biologicals, Inc."
508d5dac-e253-479b-a58a-7678a0576623,Lorita Robatham,3.7,American Health Packaging
dd086c19-37cf-4ba0-bcf7-99c5cf6b78e2,Rebekah Nizard,0.5.3,"Preferred Pharmaceuticals, Inc."
56b0f3ba-7ae2-4e03-a2e8-b61fadf05cf9,Wynny Lilleyman,2.63,AmerisourceBergen
0fd34188-338b-4cd2-8b1f-71d5760e23e2,Pat Eteen,1.2.3,Cardinal Health
57b1307e-0657-4d73-b86b-4ec3e36a7977,Sumner Wateridge,7.8,Unit Dose Services
502c62a0-b698-45ba-bf5d-4b916a37b228,Malinda Quigg,0.3.2,"NATURE REPUBLIC CO., LTD."
51a930fd-821d-4f46-8713-700e27d47baf,Danika Coogan,0.6.9,REMEDYREPACK INC.
d272d0de-2ef4-448e-9efc-f7bc9ddf9bb4,Jessamyn Bramhill,4.2,Mylan Pharmaceuticals Inc.
d79d55ab-58e1-4fb9-8494-14cabc110182,Barnabas Tellwright,4.3.8,Apotex Corp
135bb77f-3e33-4100-9564-95dc6746d508,Karisa Sullly,9.1.8,State of Florida DOH Central Pharmacy
4c47c707-4c09-4069-bd39-80ed8c2479e5,Ricca Battram,5.56,L Perrigo Company
26e6740b-e1f4-424e-9d9d-0fe88176ed3e,Lay Knowlton,0.8.6,"Blu Pharmaceuticals, LLC"
70eec02f-9602-4e7a-8ebf-e400674698ac,Carr Luggar,8.94,"MSD Consumer Care, Inc."
1e81349f-3cb2-44ff-8001-00e98f7b5d2e,Vanny Grellis,9.4,"NCS HealthCare of KY, Inc dba Vangard Labs"
6a764bc2-3dd4-4ea6-a9ef-8b03d72abc38,Nicki Minerdo,0.9.4,Aurobindo Pharma Limited
844ab93a-b84e-4032-9f87-91db7e494b25,Aveline Danev,6.3.0,Amerisource Bergen
ce353421-bfa0-46fa-b93e-e50698f4276c,Lianne Eakly,0.28,Sandoz Inc
1f2e30a3-7a0d-432e-940f-4c2fc0006b46,Diane Wolfendale,7.0,"GM Pharmaceuticals, Inc."
1ad6152e-13ad-4df9-8a63-139e102ea765,Warde Vakhrushev,0.41,Merck Sharp & Dohme Corp.
467b48f6-4d21-453b-9d00-0973e1bfdc11,Jessi Oty,0.58,L. Perrigo Company
7b905cf2-5009-46d2-be03-d7729d02208d,Gates Lockyear,5.4,"Dispensing Solutions, Inc."
096fb057-7e13-460e-8435-a638308caf82,Gale Currao,4.3,THE KROGER COMPANY
3be44962-3a64-4710-bd7b-2fd43e995221,Joby Stubbes,5.8.3,Cardinal Health
1fc24b18-b4e3-4bc7-bfff-18cf648b83b4,Philomena Paslow,0.9.5,"Aphena Pharma Solutions - Tennessee, LLC"
3071110b-a2b3-414e-8798-40f22044798a,Linet Oherlihy,1.9,CLINIQUE LABORATORIES INC
a42a7cd7-c641-4f8d-99dc-cb5d1b67f068,Collie Ksandra,0.79,"Physicians Total Care, Inc."
3cc39274-4dcf-4f9d-b1dc-881195bba9ad,Christian Lemonby,7.40,LUPIN PHARMA
1a6c3f40-c69b-48e3-8b44-2f8308034b94,Onida Lanon,8.61,West-ward Pharmaceutical Corp
7faba1c9-0b5f-4950-b0bc-fdd857cac301,Cinda Robottom,8.6.0,Weiler Welding Company
d8828f47-9730-40be-9610-2ba135a80387,Gustave Jaine,0.9.3,Virtus Pharmaceuticals LLC
194572ae-6b22-4739-8f1a-4b81a3bd5b04,Brok Anslow,0.4.8,Teva Pharmaceuticals USA Inc
08bd3c46-596f-4fa0-af65-ee1e3eaa6979,Shandee Normanton,0.77,REMEDYREPACK INC.
01d0109b-0b09-490c-9806-e40c2a210623,Roxanna Curreen,9.0.9,West-ward Pharmaceutical Corp.
9f91e943-f766-404e-98b6-372dd69c7839,Carmen Andreassen,0.60,"Nelco Laboratories, Inc."
e2c7732e-9565-4919-b20b-9be92184e089,Leonidas Blaza,3.7.4,Cadey S.r.l.
68c041eb-c420-4a5d-9223-2a857f24fcb1,Faulkner Blachford,0.61,"Newton Laboratories, Inc."
80c87886-9a30-42e2-bf25-6656a2616c39,Davidson Bampton,8.38,LABORATOIRES M&L
a4666ecf-83da-415a-ac8c-976603036874,Collie Kryska,0.8.8,Walgreen Company
aa557b2a-bdc3-49a7-a3d5-2e96b8b4446f,Patricia Ochterlony,0.5.1,Mylan Institutional Inc.
32518be9-8c3b-498c-8fbc-b265c18afc11,Beatriz Tumbridge,0.2.9,Cardinal Health
d1d52537-aa2f-4245-b2e9-4e07eb7436e3,Norbie Haveline,2.1.1,philosophy
c3174c96-7c45-4873-8c4a-be6446c34635,Sallyanne Maestro,0.5.8,"Taro Pharmaceuticals U.S.A., Inc."
c2fe3c27-f6ae-4747-b89e-844ba1aec0fb,Wheeler Antonov,0.94,Sunmark
f09d0464-01f1-4743-876c-f4cfa93975ac,Tanney Scahill,0.97,"Glenmark Generics Inc., USA"
d93aee2b-1d02-42f0-b33b-9914660fcfdf,Kakalina Cancott,2.2.2,Kosan Kozmetik Sanayi ve Ticaret A.S.
77f3432e-daf3-4237-be5d-12c8d5fc5e06,Fulton Garrat,1.3.4,NorMed
86bb32c4-7e67-47aa-8b9b-4cfad4d420d4,Carly Craigheid,4.4,"Ascend Laboratories, LLC"
cd0d82c2-0444-4069-adba-3ba2f020c58b,Maddie Panas,0.4.8,Natural Health Supply
8f2edb5a-8f13-49a0-8e8e-742544dfac53,Bruno Crampin,0.75,"WG Critical Care, LLC"
f20bf627-cb5e-4a37-b2a3-fc673580ba71,Vinnie Stolworthy,0.42,Aidarex Pharmaceuticals LLC
47fac8fa-b10f-45de-95fb-f62c4618c547,Jillene Squibbes,2.25,West-Ward Pharmaceutical Corp
ad38849b-4d3e-41c5-9672-0decea1c5d4d,Birch Josifovic,6.80,Zydus Pharmaceuticals (USA) Inc.
b7871f62-6122-4e56-9209-e41752be5c0f,Christi Willatt,5.46,American Health Packaging
82599ff5-f136-46f5-970c-aa67550742e5,Arty Buttler,9.2.5,"Antigen Laboratories, Inc."
597b969f-8668-430e-8f72-b0e8dd32a4b5,Carley Bachellier,7.06,"Actavis Pharma, Inc."
86976abc-3073-433d-a274-06c56c148bd4,Elvin Sirett,5.1,Widepipe Corp
626bf60b-bd06-4969-8d1f-2823ecd93eb8,Mahmud Abrehart,1.6.7,Sanofi-Aventis U.S. LLC
87bc22d2-7e50-4a4d-9321-5e7557ea0ed7,Lisbeth Benini,0.94,"Ajou Medics Co., Ltd"
5bb4fc05-7ba2-4fc5-a8f9-9425f17ff2ef,Carline Palay,0.9.3,Medox Healthcare
a2e61da9-edaa-4eba-8e60-756f906a1f69,Hussein Hibbart,0.8.5,"Hospira, Inc."
c4a67ac6-0722-48ea-bbc7-90f19e87a480,Wanids Markey,7.5,China Ningbo Shangge Cosmetic Technology Corp.
de11de2d-cc47-4da8-97c7-cf7c0b026b72,Colin Paulsen,7.9,Bryant Ranch Prepack
c2d0387b-1391-4e81-8d4b-8bab86489fa3,Myra Bein,5.01,Guna spa
14818195-dc89-4aea-b7da-4b4f1c3da94a,Bryana Hardwich,0.4.0,"SHISEIDO CO., LTD."
d8e4d71b-4ede-471d-b526-cc19cf93ff3d,Eugenius O'Regan,0.54,"Nelco Laboratories, Inc."
9e061b92-ba22-4745-9c7d-c40fdd7f3760,Deirdre Jeffers,6.5,"ALK-Abello, Inc."
80a52943-df9b-40bb-b60f-bb8ff86ca3de,Gilemette Gartsyde,4.38,CHANEL PARFUMS BEAUTE
b4e4273b-4a99-4b09-a53e-717a712c885a,Braden Wermerling,0.9.2,STAT Rx USA LLC
19e9a83f-a0b4-45cf-9f66-8119726c9e03,Wain Cruickshanks,8.6,"NCS HealthCare of KY, Inc dba Vangard Labs"
2d07274b-3f6b-439c-ac73-d1e880fcad7f,Baird Biasi,4.4.1,CVS Pharmacy
36432722-b149-4ce1-99b2-ea138db53948,Michail Pedlar,0.89,Mylan Pharmaceuticals Inc.
09074745-5ad3-4ea1-b798-96f7c653d9db,Ephrem Mountfort,1.9.6,Rebel Distributors Corp
6fd08cf1-571f-4fcf-bf93-1da14330adfc,Jorge Prantl,7.59,Oceanside Pharmaceuticals
2467fd25-3db8-4a12-a2a2-f26efd7f3fe1,Elset Totman,2.0.2,"Nelco Laboratories, Inc."
dda19fee-3497-495c-a2bf-581f9eb8e6cc,Rodolph Brookton,0.9.4,REMEDYREPACK INC.
08cce3ee-f71f-4c56-a9dc-38b5e302e770,Mahmoud Iliff,1.4.4,Pfizer Laboratories Div Pfizer Inc
8db4c223-d0c5-4559-a62e-30a943935c42,Sofie Donaghy,4.37,Cardinal Health
13e9b4ae-2da4-4d85-9682-634dbe39f6b0,Cleon Garnsworth,0.6.8,Sandoz Inc
0749c40b-0616-4688-83e3-4995c4fb5439,Cullen Shugg,0.76,Mission Hills S.A de C.V
58cc9fa1-4973-40bb-92e4-2f7e286d83a9,Jamaal Ludwikiewicz,1.54,"Antigen Laboratories, Inc."
efedb1da-059f-483b-896f-04997cbf6713,Willow Kilgrew,3.34,"AAA Pharmaceutical, Inc."
b6ab3fa0-795b-4bc4-813c-9b6dada5c67a,Gypsy Clash,3.5,"Natural Creations, Inc."
d1094ade-d8ca-46d7-bcd8-b4e1db2a6d05,Thurstan Shapcote,1.0,REMEDYREPACK INC.
78ca354e-174e-46f4-b8c2-f7a754ad3185,Munmro Kerkham,0.18,DZA BRANDS LLC
987ace42-32b1-4c5e-813f-3c38465a70bb,Robbin Wotton,7.71,QUALITY CHOICE (Chain Drug Marketing Association)
1674d9a5-5b96-4735-a96e-7eb0d320fcae,Franky McCarter,4.3,Belvedere International Inc.
e99bca24-69cc-4bac-9e88-66582cb6cebc,Krystal Kippins,5.0,Unit Dose Services
36ffaa38-5605-42e6-a014-d22e697fd051,Tarra Dufore,0.46,"Preferred Pharmaceuticals, Inc"
29e3e52b-799d-4f40-a7e9-7fd425500778,Courtney Cawthera,0.6.2,"Newton Laboratories, Inc."
839747f1-5d0a-4fe5-aa2d-479cf6efac8b,Moses Fountaine,8.6.2,Lake Erie Medical & Surgical Supply DBA Quality Care Products LLC
70bff4e6-1995-442c-943d-5eb7736d27b2,Cathee Breckin,2.4,MEGASOL COSMETIC GMBH
b396cc19-5e01-4eb7-80c0-77e18b2c9b03,Christiano Haston,9.4.7,Apotex Corp
06e278a3-995c-4cc8-aef1-540bfd794687,Ole Grocutt,3.4,TOPCO ASSOCIATES LLC
fefea9eb-97ac-4aae-886d-e7221750b8d9,Odelinda McWilliams,4.42,Jubilant HollisterStier LLC
17b503f0-3f32-4d6c-85ae-3c7007030a0d,Locke Pooly,0.73,"ALK-Abello, Inc."
4ee90c45-d98b-4311-bee5-563e77c42eca,Reinaldo Beavors,0.4.1,"Warner Chilcott (US), LLC"
87714af8-fdf7-4c21-b046-d168fe936567,Tamra Balaisot,8.74,Greenstone LLC
b703e24d-6cdd-416c-a0b2-0d9b352328b5,Web Tunney,5.5.5,Lake Erie Medical DBA Quality Care Products LLC
02c56d09-6be2-4871-9970-eb9c6c0c5194,Vivianna Dabell,8.80,"X-GEN Pharmaceuticals, Inc."
262fa6e0-f924-425e-9724-99a85134a166,Eberhard Gindghill,3.1.8,"AMI Cosmetic Co.,Ltd."
5b5f57a0-e6fe-470f-b8b2-37b71d8380f6,Silvana Grigor,0.4.5,REMEDYREPACK INC.
8648b935-c80a-46e9-a024-a75bee676159,Angelina Millan,0.34,Ventura International LTD
29eaa47d-73c2-466e-ba8d-c6cc39f7fa08,Nani Wrintmore,0.3.8,HOMEOLAB USA INC
acbe34ca-6358-4e5d-86e1-2a07b6924336,Edita Neasham,2.1.2,Carilion Materials Management
c0f1ee40-7eb5-408e-b880-0b0fb6c564fd,Sigfrid Pierton,4.59,McKesson Contract Packaging
cdcebc1c-c873-43de-9eb7-c201aaddc769,Wilie Addionizio,0.63,Uriel Pharmacy Inc.
5de2755a-0014-46d6-9787-aac84624f2a7,Datha Rappaport,4.74,Rite Aid Corporation
08a4a651-8046-4a09-9df6-59444e4d921d,Lauralee Burlingham,0.6.5,McKesson
a0f6405d-cdfe-46de-adb4-617a8b739cba,Carlee Antalffy,0.14,CVS Pharmacy
4d83bc76-6835-4853-aaf7-4fb9280dde38,Rhona Wailes,7.1.1,"American Regent, Inc."
cf8cacfb-25c4-4959-a612-0c97bfa6e24e,Nicola Du Hamel,9.77,Nex Medical S.A.S. di Villa Annamaria & C.
061fbb4e-9e70-480d-aa35-7735008da74e,Eran Schankel,1.67,"QLT Ophthalmics, Inc."
cec104bd-e84c-45e1-9b8a-cba763adb506,Steffi Corter,8.3,"Chattem, Inc."
0841e32d-135e-49a0-9f7d-38c616000a8f,Maegan Ballintyne,0.46,Jubilant HollisterStier LLC
208dd3a4-9ab1-47f9-87c5-9836c021efdb,Carmelina Skippen,0.75,"GRISI Hnos, S.A DE C.V"
413f7485-1b0b-48ab-8461-a9329d6caf66,Dareen Hinder,0.44,"Allermed Laboratories, Inc."
13941fd7-692b-4c8d-a4bf-0dc006cbe67a,Wildon Arkle,1.3,REMEDYREPACK INC.
3717bc69-2813-4b73-9761-a378ccbe2764,Miof mela Galton,5.0,Medicis Pharmaceutical Corp
54759587-a270-4b50-b98f-92ac278375f6,Deeyn Dunthorne,0.94,"Global Pharmaceuticals, Division of Impax Laboratories, Inc."
f42bd047-9d7a-4ce4-9bf5-d2c875770523,Adel Surgood,0.6.3,St Marys Medical Park Pharmacy
99645a40-1e32-40f5-bce9-ad390eb36b5a,Alicia Kelshaw,0.27,Mylan Pharmaceuticals Inc.
205fdf77-d6ca-4562-9e4e-674a8e708c6b,Percival Budleigh,6.4.3,Polygen Pharmaceuticals LLC
b2772548-262a-4eb5-9b40-ea193078ec9f,Mimi Dilleway,5.02,Herbalife International of America Inc.
ebb06833-ee0f-41f0-ab2e-80b1426470b9,Mandel Basler,0.8.4,"Glenmark Generics, Inc. USA"
5accb0ae-fd63-46e1-91e7-197faffdb1df,Jessie Sirman,6.2,BCM Cosmetique SAS
b61d0b91-6946-4bed-a793-5fc9e06455e2,Moises Ratter,0.56,Food Lion
5c08582b-80d9-4beb-a7e4-0513276c3a91,Xenos Bingham,1.3,"Silarx Pharmaceuticals, Inc"
92c55ef1-340d-4f71-961c-7eec52850740,Lars Lawly,1.22,Select Brand
d5797a6f-b95b-4357-8e9e-c79af37e0fdb,Tore Nicklinson,6.5.2,Novartis Pharmaceuticals Corporation
9c42a354-2f65-477f-b0f0-fcf5534c3f09,Ange Archibold,6.7.9,"ASSURED / DOLLAR TREE (Greenbrier International, Inc.)"
6935d042-d138-48a9-9e7e-40e824a3d99e,Roana Tebbutt,4.0.6,Neutrogena Corporation
68ae6959-03dd-4311-8169-3739e1d3a3e7,Tabbitha Chumley,0.96,Ventura Corporation Ltd.
840a8c14-9bb3-4fc4-8be0-c5aed496634b,Andre Boyen,0.7.2,"Nelco Laboratories, Inc."
b0d496a5-bfa3-4dd4-a083-b64a8ae45bea,Jonah Filipponi,0.68,"Humco Holding Group, Inc."
60975649-1334-4d96-b213-a181394b3220,Odella McFadzean,2.5.4,Legacy Pharmaceutical Packaging
2675c9ef-875e-4663-85b3-610aafd65429,Alfredo Stocky,5.9.3,"Carver Korea Co.,Ltd"
02dd8eac-db94-41ba-b84f-2415642a4486,Trula Gussie,8.9.8,ETHEX Corporation
6f3e6b2b-252d-4579-96fb-2682ead826fd,Suzann Allett,9.36,Western Family Foods Inc
6acbb7e0-5f07-4397-9575-50b2c7bf392b,Martelle Clixby,0.85,Virtus Pharmaceuticals LLC
61d8fb82-b7b3-416a-93fb-8c83d63628c0,Tandie Moukes,0.78,"Acella Pharmaceuticals, LLC"
d0f86b47-f894-46d9-a165-a8c0d0d11af7,Aura Blomefield,2.9.6,"SHISEIDO CO., LTD."
dc9536c1-05ba-4164-8ef1-bae63632988a,Marlo Ferraraccio,2.6,Medi-Physics Inc.
3f578191-0213-45ed-ba8e-a51091ccbe9d,Leonidas Richemond,1.0.4,"Nelco Laboratories, Inc."
5291543a-071f-4ce3-8f0e-9c39ca86c6ed,Elva Itzkovici,1.2,DZA Brands LLC
dca7035f-b0c2-41cc-8454-850ff6ca1989,Effie Di Bartolommeo,0.1.6,CHANEL PARUMS BEAUTE
1e3218d0-a457-47a4-b110-e584f5d9d6f0,Gabe Devine,3.50,HOMEOLAB USA INC
2162d728-356c-4249-8473-9f651d007d3b,Francyne Hensmans,3.87,"Lil' Drug Store Products, Inc."
8cae34cd-511a-4d95-a526-6c5bb542511e,Meredith Brockett,0.9.6,Walgreen Company
33b8ee57-f6dc-491f-986a-e33c468db9b8,Wilmer Minchinton,8.1,"PD-Rx Pharmaceuticals, Inc."
afa9f143-fc4a-48f0-ad98-b6d1aef45624,Wyatan Glancey,1.7,Pure Source
716cc094-5d63-460d-9a5a-2208347aa63e,Oona Anster,0.5.7,CHANEL PARFUMS BEAUTE
eaf908a7-564c-42e6-9eed-7779ee6a4e1c,Reinhard Eatock,8.8,Dillon Medical Supply
f20fa53e-79f7-479e-9a6a-84f5125db2bf,Brandie Boulde,7.8,Tris Pharma Inc
1a3c0047-b1c9-48a5-9075-506c0620605b,Brandtr Brumwell,4.4,"Deseret Biologicals, Inc."
e088df9d-83fa-41b0-8024-c844d1b05e37,Sonnie Fogel,0.5.4,"Jani-Source, LLC"
b3c7bcf7-e3b1-405f-8afd-bb64ac2904e0,Torrance Cars,0.6.6,Lowry Drug Company Inc.
8e8ac16f-55ba-4b30-b9a4-4d3f024464da,Laurena Ingram,4.9,L'Oreal USA Products Inc
5b279055-1220-4e3a-a977-9a00397d8f85,Annora Bengal,0.21,GOOD SKIN DERMACARE
52b9db5e-8100-426e-8130-49883bfd19da,Glynis Fenby,1.25,Qualitest Pharmaceuticals
40a2d2cf-b024-413d-aeb5-3d85c00cb727,Balduin McCrystal,5.28,"PD-Rx Pharmaceuticals, Inc."
723ecc04-4e05-4b4d-aa6a-908d9512335c,Ethe Reap,4.0,"AvKARE, Inc."
6afbd6cf-7b78-4233-aaa0-7ddcf28a6902,Reina Drought,8.0,Teva Pharmaceuticals USA Inc
ef4b2548-a64d-4156-a472-228b18533ae3,Almeta Cawdery,0.36,Advanced Apothecaries Inc. dba Health Depot
7514ddbc-7fc7-4f81-9841-bebe6d3a2e86,De Edie,1.2.8,REMEDYREPACK INC.
8a4461dd-abcd-479f-8969-d599ae08a0a9,Owen Firebrace,0.6.8,"ALK-Abello, Inc."
5bba95c2-f999-4b4b-931d-7e93fa6e49d9,Jewel Forte,6.6,REMEDYREPACK INC.
e2f2c388-1118-4407-ba7e-f60b4bfcf87f,Lucho Reasun,0.5.3,Rebel Distributors Corp
6b3895b5-0592-4ea5-9c19-f07e723497e0,Tally Capineer,1.5.3,Rhodes Pharmaceuticals L.P.
2b64d363-ca6b-4ccb-a8d2-d1006ea3f938,Anni Naper,0.6.8,Sagent Pharmaceuticals
dfa13160-7157-4cbf-b73d-038a83af96da,Benedetta Stair,6.5.1,REMEDYREPACK INC.
f8668b96-7121-4ad3-a342-4efce719dcdc,Elmore Rainsdon,8.5,"SJ Creations, Inc."
aeaae819-653e-4957-9758-97c8d7a2ed63,Daniella Feldstein,0.7.9,REMEDYREPACK INC.
724449ec-ead4-43fc-b711-5d03951f129b,Ermin Parminter,0.96,"Par Pharmaceutical, Inc."
9e4e4a98-efe2-4b9b-b12e-b41c0a87e02c,Katina Brockie,3.70,"NCS HealthCare of KY, Inc dba Vangard Labs"
b81f97d4-f6af-45ac-a99f-1c296a69f1be,Max Bonham,0.4.0,"H.J. Harkins Company, Inc."
bd27ea11-421f-4a2a-8c45-8aa6623c316c,Calli Sautter,3.4.4,Mylan Pharmaceuticals Inc.
51287396-f2c5-47e8-bac7-ba13a6d5a506,Bianka Leighfield,2.3.5,STAT Rx USA LLC
1ba66940-4665-439a-b157-ed8da12e9a9b,Isadore Nevison,0.62,Rebel Distributors Corp
11aed956-5ab3-42a9-ae40-40186082fa2c,Woodie Sterte,9.93,Air Source Industries Inc
5ef584cd-61f9-4507-babf-03f12d9b4c60,Abdul Scolding,8.2,Bausch & Lomb Incorporated
e529485a-b26a-4bb9-80ab-1f5f9378494d,Tore Blythin,0.73,Qualitest Pharmaceuticals
ffdcbc96-72d4-4d53-bcb1-07dfb55e5272,Eloise Brimicombe,8.14,State of Florida DOH Central Pharmacy
0dcc76c6-9b9c-4ea9-b963-ff12035224b6,Gustave Whitear,2.1.3,"SJ Creations, Inc."
ac16c34f-b7b3-43eb-a11d-86b0991afa06,Alon Glassborow,0.84,RxPak Division of McKesson Corporation
b17e6d41-9ac4-445b-9c3b-e2ad20427284,Maxie Gude,0.51,"Nelco Laboratories, Inc."
9b243393-27d3-468c-9730-4e967f9f8ea0,Udall Lazare,9.3.2,"Global Pharmaceuticals, Division of Impax Laboratories Inc."
ce9e41a8-2225-485b-957a-18237bbcc0d8,Paige Segoe,4.0.7,Neutrogena Corporation
9bee9cff-11b6-4048-aa68-bf6a67d9cd6a,Agna Francke,0.33,PRESTIGIO LTD
e3003dd1-c55e-4391-a183-612a72d3177a,Nolana Stump,5.3,Hevert Pharmaceuticals LLC
788d0a7d-58d4-46f1-adf6-95d7d531a9bb,Cointon Lockart,0.4.3,Wal-Mart Stores Inc
5a663300-adaf-4413-8be9-ea7a01cc15d2,Gwenni Huyge,4.97,"Shanghai Aquagel Bio-polymer Co., Ltd"
449b620d-570e-42ca-a280-f820f0af9ba8,Cornell Leishman,4.8,"Menper Distributors, Inc."
63dccf21-8f60-4aa9-9dd1-5416a1657680,Edsel Ruddle,0.32,Mylan Institutional LLC
ce99b5a3-6b52-4c4b-b652-e8baafe5f09e,Lia Meffan,0.62,Natures Way Holding Co.
be5a515f-2722-4dfd-b993-977cb4ba8e0b,Roxane Willcox,2.57,Macleods Pharmaceuticals Limited
75b95601-a39d-4f56-b3d0-dee69a5f3ab1,Alberta Baudrey,4.44,"Dharma Research, inc."
873c3e9c-afad-4f68-879d-53c0f3fe99cc,Whitaker Delcastel,0.83,"Columbia Cosmetics Manufacturing, Inc."
5f73247d-c111-4ea9-b4fd-9da779b87032,Windham McSweeney,0.7.5,"Menper Distributors, Inc."
012db120-cff9-4596-8838-65fa988ef3c1,Sancho Hailston,0.6.6,Cardinal Health
c4c88762-9e7d-48f6-9bc1-7ce4f46b2db4,Susanna Giffon,3.46,American Health Packaging
4c01d00a-04c0-4290-9d41-7386d213d6ed,Janina Yurasov,8.2,"E.R. Squibb & Sons, L.L.C."
8ed4aac1-a42f-4a4c-a750-bea215a56270,Mary Bazely,5.2,"American Regent, Inc."
22f8596c-a8fb-4c01-a3eb-6b83982fe15f,Julia Grzelewski,0.9.8,"OCuSOFT, Inc."
05f93e45-ae85-40b9-b962-c20f58aa57cc,Witty Hanhardt,2.5.0,"Donovan Industries, Inc."
66a94681-e4a2-4eff-9c96-cd2e383b41c5,Aimee Daintier,0.6.4,P.S.W. INC.
47675f7d-7b82-4bc1-8307-d342cb554a58,Augusta Tolhurst,8.24,"Genentech, Inc."
194f27e5-7300-473c-b471-2a663addaf74,Consuela Schurcke,7.04,Bryant Ranch Prepack
043a102c-0b39-42b7-b886-22e12f817721,Mala Ruppel,6.7.5,The Mentholatum Company
0f80c98f-96b7-48a6-9e8a-ff8b8749d882,Richardo Hardcastle,7.89,"Church Dwight Co., Inc."
352e1ec8-7faa-4be5-bc2e-556eab2be1f7,Siobhan Huburn,2.8.2,Sandoz Inc
193224c9-cce2-4169-8521-947aa1ae613d,Regan Middleweek,0.19,Topco Associates LLC
c5ad6af4-b46c-47e1-a1ed-f625543d8103,Wildon Reffe,0.19,Jubilant HollisterStier LLC
0c3a8cc6-96f6-4fc3-9499-6b7761876229,Coleen Prantl,0.73,Contract Pharmacy Services-PA
e758b0e0-f234-42e7-b5d0-d0cc197e0c76,Madelyn Tie,9.29,"Deseret Biologicals, Inc."
fc206eba-a8e7-48f4-8fac-c2b6e0827760,Hart Critchard,8.2,McKesson
6dc01433-9502-49aa-ad96-d1605a1bdf56,Beulah Barten,0.88,"Skinfix, Inc."
544227a8-87e4-4572-9c3a-952447ce67a1,Drucy Stilly,0.6.9,"Falcon Pharmaceuticals, Ltd."
2023fd79-7519-4592-b650-5ae4296e7705,Gwenneth Kelloch,0.94,H E B
cde7f8ac-bd40-4f45-a208-33070817bc93,Evelyn Perritt,0.67,"Morton Grove Pharmaceuticals, Inc."
30163173-f684-4db2-89e3-3a74239818de,Rosemary Narrie,0.60,Prasco Laboratories
797eacfa-d6c9-48ce-9929-bf2332af1738,Herb McElree,8.4,"Nelco Laboratories, Inc."
7382ee5a-6bed-4fe7-bc83-4e1994eefbd0,Micheil Clover,0.40,"Gilead Sciences, Inc."
35864d6d-a79e-493a-a2d2-b3a871861021,Carlo Bothram,1.0,REMEDYREPACK INC.
2c947e8f-81c5-4b84-a3bd-ebf2d67bf6a5,Christian MacLise,0.8.5,Cardinal Health
ef25e7eb-29da-4429-b317-499e185cee5a,Adelbert McTaggart,6.21,"Chattem, Inc."
6a052995-eb23-47e2-bc5c-c14cfc24613f,Della Beards,0.64,"Physicians Total Care, Inc."
04eb370e-5c7b-4e6d-a7fe-b87d4abf519a,Wolfie Meron,1.9.2,Tris Pharma Inc
d1f22941-a753-46a7-827c-7d3f9ddfb189,Laurie Hare,4.6.3,Wal-Mart Stores Inc
b84f5176-e29c-4fc3-bed8-67ac3d16f449,Anestassia Stockman,5.3.1,Ecolab Inc.
b9ce895a-d516-4187-9257-f4af81814aa9,Darya Heaney`,0.9.3,"Nelco Laboratories, Inc."
99222154-48a6-44ba-a429-3b6b224eac85,Randy Hanselman,7.33,REMEDYREPACK INC.
6508d439-b350-4df6-8851-85776f9e1fa7,Abrahan Geroldi,8.59,"Physicians Total Care, Inc."
d70a715d-618f-49b3-9f59-3c80e6212e9c,Maurise Oxenford,7.3,"OraPharma, Inc."
ddef0b3b-0518-4787-8dee-85b10b3a1613,Leeann Gierek,0.76,HOMEOLAB USA INC
66f3b25f-5ae1-4341-9b8e-40bd1730d2e8,Minny Andre,4.5.1,Bryant Ranch Prepack
9c644e08-3fd0-4424-9efa-e6f1398d4a6a,Anatole Lenormand,8.9,"Vivier Pharma, Inc."
fea9103c-72ed-4c05-bb84-86bc1879c00d,Markos Erwin,0.4.9,Barr Laboratories Inc.
48228064-6859-4c4d-89bc-e697950fef55,Nicola Palffrey,6.6.1,MWI/VetOne
efbcf9b9-24d8-4643-a265-aebcfbf6bf75,Sampson Yarham,0.8.9,"Nelco Laboratories, Inc."
8ba73449-dd11-477c-92d2-85a2d5b3d3e1,Fairlie Bossons,0.84,"Lupin Pharmaceuticals, Inc."
c981e248-1b5c-4302-9bb9-0ac8fd9ebe75,Calhoun Yusupov,0.2.6,Colgate-Palmolive
01d95c4d-c988-4b9d-aaee-7398b247a162,Terrill Banaszewski,0.5.4,Akorn
532da347-4222-4478-b1e6-3e4136b4946f,Troy Boow,0.5.4,"Physicians Total Care, Inc."
6f1ffed3-061e-4f9f-b402-ec3559f4fad4,Olympia Hatherleigh,2.35,"Central-McGowan, Inc."
ec61326f-88ab-45d6-a2ef-67a7fbc73c3a,Maurita Samwyse,1.2.9,Rebel Distributors Corp.
db3a419d-e1b3-4c96-b119-6c44e2a6a8f9,Catharina Ridgewell,8.95,Fred's Inc.
67fa5c04-e5d6-4560-8dea-bc95b4b496b2,Arline Tarbox,2.92,"CodaDose, Inc."
cf825946-2d79-4c19-ab00-994c5be762fb,Cesaro Dobrowski,0.79,Aurolife Pharma LLC
cbd384ef-daf7-45c1-9834-69bf4c791d80,Star Sineath,9.93,"Physicians Total Care, Inc."
0efed5d5-c972-4cc4-934a-1f535b0547cb,Marena Yashunin,6.43,"Lannett Company, Inc."
172abaaa-a6d9-4d32-bfd6-c5b63353119d,Gregg Tulleth,8.4.4,Qualitest Pharmaceuticals
53c162b4-5d74-4b76-a60b-0d3aeac02bf5,Odella Gaitung,7.13,Mylan Pharmaceuticals Inc.
eaa083df-5574-4372-80fd-e6648b29459f,Corilla Videan,1.82,Wockhardt Limited
30945c98-ac72-4a4e-9851-c41d496adf51,Karole Pippin,2.9,CVS
3d3d2a06-e7e2-4fcf-913a-93f54d3a1d71,Atlanta Spray,0.93,"Safecor Health, LLC"
8c761541-b378-45d2-a433-ce8d56a3c783,Corny Lawler,0.3.1,Healing Natural Oils
b0ee80bb-ce46-4d6b-96ef-2493baa8b6c7,Joshia Hardie,3.27,"Ecomine Co., Ltd."
1a28d65e-e39d-40c8-aab1-f3997586bb89,Catina Flips,0.16,Summers Laboratories Inc
482049a2-988f-47bc-acd7-faa01c371d21,Edithe Ginnally,3.8,"Antigen Laboratories, Inc."
c4e8b330-ce4d-4278-9d49-f9094fb071ce,Mordecai Sedgemond,0.8.8,"Dixon Investments, Inc."
a8b4847b-95ad-48f9-bb1b-0627c14da043,Lauralee Kochs,0.5.4,Lake Erie Medical & Surgical Supply DBA Quality Care Products LLC
bc5d9ee2-7d32-4f35-a251-b4ad4d24ab78,Thorn Louedey,7.1.3,"Acella Pharmaceuticals, LLC"
85691c82-2a76-429a-b4f9-f96a54fecfcc,Jens Bulgen,5.2,Rite Aid
ee44f126-8dd7-4a34-aa43-888c6cc3d118,Mick Pendell,0.71,STAT Rx USA LLC
e93cef1d-bc90-42fa-a46d-c6e2fbe14a0d,Fae Lehrian,0.27,Bryant Ranch Prepack
d26a8697-c187-4c99-8086-fb81f44bb1a5,Angelita Behne,6.7,Cardinal Health
a504d5ad-d058-4ced-9844-ce4d936c82af,Krista Borth,3.6.0,Conopco Inc. d/b/a Unilever
e1f411c6-1818-4633-9b7b-62e6f4edae06,Tybi Font,6.5.1,Rite Aid
00e2cce5-0ba6-4404-8d78-8815bf31e01f,Filberte Prendeguest,3.4,Kroger Company
367a2602-623a-420c-a4c9-39590fe52387,Rosemarie Jessett,0.92,State of Florida DOH Central Pharmacy
560f74b5-2e25-44b4-8f28-56918d364306,Selena Gowans,0.4.1,H&C 21 America Inc
d72373ff-065d-4cb6-9402-635d40303d49,Lotty Quye,3.42,GlaxoSmithKline Consumer Healthcare LP
fb27da16-7278-4689-a250-c5e4fd93b483,Leroi Wetheril,8.59,GlaxoSmithKline LLC
132e4f73-f02d-41b4-8778-4e9ee1b47c1e,Thedric Learmouth,0.30,BluePoint Laboratories
c5cc1af9-4e59-4dde-b7ae-f8e53d8ee4b9,Tisha Cornelisse,0.49,Perrigo New York Inc
9b92b096-61fd-435c-96b8-d07dc42c9981,Milton Capron,7.82,"BioActive Nutritional, Inc."
3a3d6d5a-4190-4199-a1fb-8b5e4ed699dc,Bernie Wiffield,0.3.9,Aidarex Pharmaceuticals LLC
24b33c6d-16f6-4dbe-a1a1-df2dd1eeeac2,Amabelle Belhomme,0.6.2,BUNZL DISTRIBUTION
87a9834b-8415-4cc5-a111-df5925cb381a,Twila Fradgley,0.73,"Golden State Medical Supply, Inc."
5b53a7f4-1bcd-40ca-ad39-ae17319fa5ca,Gunther Gillman,5.67,SHISEIDO AMERICA INC.
245c3e46-7891-4df4-a375-23d6ca885860,Virginia Meekings,8.3.3,Versa Pharmaceutical
3ec5fb79-d37a-4539-8a8c-0fb6c73ed387,Amara Vasilevich,0.3.0,"Melaleuca, Inc."
236cc2d4-3724-4daf-8baa-24938aef574e,Dore Sandy,7.3.9,"Coloplast Manufacturing US, LLC"
0c8bf3d2-d350-4a8b-921a-862a8ada5177,Karilynn Tschierasche,8.1.5,Apotheca Company
4dc68790-a64f-456b-a431-b1346340bc8e,Alyosha Merman,2.57,Premier Value
41fb0d2d-2af6-4015-aaea-4524eb83b3d0,Fidela Rosenthal,4.9,7-Eleven
4129a863-8f0a-4401-9cad-cf91482a9804,Lacee Hairyes,7.9,P and L Development of New York Corporation (ReadyInCase)
e162baf7-e5f7-445a-9985-fa2167a2c6dd,Filbert Lecky,0.29,Lake Erie Medical DBA Quality Care Products LLC
06967f6d-bd65-4e05-ba1e-b19b8e8e1ac2,Robinette Kennet,0.56,"Betco Corporation, Ltd."
2b2b1e26-0d92-4493-9600-cb8da1f2909c,Osbourn Syde,4.2.4,"Nelco Laboratories, Inc."
871d29da-17c9-40b0-8a5a-6c91b2e803b5,Horst Sterzaker,5.3,"OCuSOFT, Inc."
971f5236-c9a0-4c07-a222-4ce32bda808b,Pat Arsey,0.59,"Rugby Laboratories, Inc."
ce48f0b3-2226-4338-9759-8cb7ef741ebd,Carree Persence,0.8.2,"Shandong Haiyan Medical Manufacture Co., Ltd."
1d7d5563-2da4-4520-96fd-3ccd34696abe,Zacherie Greenwell,8.2,Zep Inc.
135271dc-1e9e-4d17-9c4e-5bbd6fba2125,Maurene Tumpane,0.11,Bayer HealthCare LLC - Consumer Care
418d749c-0db9-4e7c-9916-b1eea2b257be,Raye Hindshaw,0.34,"APP Pharmaceuticals, LLC"
dc428271-0184-4d07-a42f-cb2186cbe27c,Noell Vescovo,3.1.7,VOLUME DISTRIBUTORS
ea8711b6-93de-45ad-8bb0-544f7589771e,Pollyanna McKibben,0.63,Forces of Nature
cb0454ae-8295-4e5c-9c51-3465d3df2bde,Johna Beneix,0.3.5,REMEDYREPACK INC.
63deb83e-1774-4d29-b06c-0e2cec0e4cf9,Antone Coupman,0.35,DZA Brands LLC
f1c5fc86-49a4-4369-9800-bb54fc2da0da,Brittni Matitiaho,3.0,REMEDYREPACK INC.
cb2ccdc9-2079-47fd-92d7-f9c0f8f10036,Tootsie Kilalea,0.14,Proficient Rx LP
d328369f-566f-4318-9118-133de7966300,Mahala Alcide,4.7,Uriel Pharmacy Inc
3b37b222-6677-4848-870c-5568a9ba00bf,Stephen Stollman,7.8.4,REMEDYREPACK INC.
40080b19-b903-4084-8b18-5b049c541ab5,Whitaker Martonfi,0.4.9,"Eon Labs, Inc."
6c80d1ce-98ab-4ddb-8a2e-a456aa32317a,Claudian Braban,1.24,Apotheca Company
1fcc16da-a8e3-4ae2-a32f-5c6830ff41e9,Darrel Labusch,0.80,Supervalu Inc
b9a46301-3892-417c-897c-ce3558966772,Paulie Shearman,5.1,Market America
80bc29aa-d954-4b38-a31c-00afb69aaec9,Major Heggs,9.5,Harris Teeter
26cd3ab2-370f-410d-ac38-d5fbdafbf9e0,Melloney Mc Ilwrick,0.3.3,"Rising Pharmaceuticals, Inc."
f494870a-2bbb-49ab-8817-c5172cbecf6e,Andros Chaimson,0.51,ConvaTec Inc.
24d4dac1-d2fe-40dd-a368-1737df8c47a9,Salome Cicchillo,0.44,St Marys Medical Park Pharmacy
88fec4c5-88c0-4c1c-8444-ec839dfa4f73,Karole Ollett,5.0.8,"Boca Pharmacal, LLC"
0169d190-b842-4e5c-9a20-b2c4f0dcb859,Rustie Botham,8.22,Cardinal Health
46d6ea2f-ac57-4e66-9efc-273f089c4bd6,Elysee Thurstance,1.0,Mylan Pharmaceuticals Inc.
01f79bcd-eb86-4df8-8903-9638f75bcbe1,Stavros Harper,0.57,TARGET Corporation
3ea3ddea-bf41-4ab2-8a3a-e43423fb1616,Freeland Jouhan,4.6,STAT Rx USA LLC
fb33148b-d571-4c0e-8940-e6bc7af9217b,Nicola Stennings,2.9.7,"Hi-Tech Pharmacal Co., Inc."
2cc0c277-a235-4e25-aaa0-b2840188b670,Donna Mazonowicz,0.5.0,Merck Sharp & Dohme Corp.
71a0eb98-4ee4-4c0b-9505-90b5ca7f7016,Giustina Luchelli,6.6,REMEDYREPACK INC.
18678daf-c0cf-4a7d-baed-9ff48dd3db20,Chloe Legat,9.3.3,"CoValence, Inc."
51fd945a-738c-4896-a322-c9a5fcf14b2b,Tedmund Glennon,4.9.8,"SJ PHARMACEUTICALS, LLC"
05cc7b89-2ad7-40b7-890b-293350b1c972,Elayne Cancutt,0.4.4,WellSpring Pharmaceutical Corporation
a0714b20-1545-4bf3-81b7-77dd55e230d4,Gilberte Habbershon,6.0.1,Lake Erie Medical DBA Quality Care Products LLC
423cb2c6-d624-4b88-9b98-5bc2f4ed872f,Emlen Cowherd,5.9.1,Bayer HealthCare LLC - Consumer Care
2e956292-39dc-403b-be30-8de74b9d0e84,Hercule Bugge,0.67,Medi-Physics Inc.
75556483-22e7-4976-9c3c-1cd89a9e652a,Alick Mateiko,0.6.3,"Northwind Pharmaceuticals, LLC"
d015f853-b4ca-430b-b0d4-b6e3251f0ff6,Janessa Cassella,0.36,"Preferred Pharmaceuticals, Inc."
d30b16fd-52dd-41d9-8d47-e89ef9238a94,Boycie Abys,0.6.1,A-S Medication Solutions LLC
72327f05-b2bd-4c67-882b-ba71483f98c4,Leona Swaton,5.7,L Perrigo Company
8b77d897-a4fb-4f41-b01e-0c987ebb2455,Keri Lyness,0.2.4,Zenith Medicosm SL
604e30cb-4a90-4b5e-a6d5-b4220abb8ef4,Cybill Halfhead,4.9.8,GlaxoSmithKline Consumer Healthcare LP
2f476a68-7adb-4736-8e58-5fee3b31079f,Andrus Pettyfer,0.45,Premier Value
e8900eeb-86fb-441e-b72d-a661a490c91c,Tory Roycraft,0.64,Dynarex Corporation
40a026c3-e26e-40c1-995e-7bd642f44cb6,Lacy Meates,9.6.2,"PD-Rx Pharmaceuticals, Inc."
14ac3065-191b-479a-9db2-f96a59896602,Dyana Beggini,8.6,Neutrogena Corporation
bf22d27e-beac-4489-9e30-f19f07edba1d,Lorine Treske,0.54,Bausch & Lomb Incorporated
42410802-bdf6-4714-90ed-1d5d5d835932,Thornie Fazakerley,4.5,Topco Associates LLC
586f7bfc-174d-4067-a744-4a54b47a3ee7,Nathalie Costell,3.2.9,Rubbermaid Commercial Products LLC
240087b6-5666-4d59-9771-9c68894012bb,Hesther Trippack,1.95,"PD-Rx Pharmaceuticals, Inc."
567337e9-d48e-47f6-9eb9-95e88e2bbe77,Antonius Kempster,2.21,"Med-Health Pharma, LLC"
0c53f7ae-48d2-4871-8e34-12a0a74250f3,Tina Fanthom,5.47,Apotheca Company
03c3ac10-c62a-49e8-b660-e559a9606b9e,Sheelah Rouf,5.7.1,GlaxoSmithKline Consumer Healthcare LP
a3d852a4-4bd8-4581-9719-8e6d4db69b60,Wandie Stillgoe,0.8.5,Ranbaxy Pharmaceuticals Inc.
8cb7ab28-f6b8-4ca5-9c15-41cad19eebee,Caro Assel,6.3,Ross Healthcare Inc.
34a549e3-68cd-47f3-9052-aa1c36db312e,Adrien Edrich,8.10,"Altura Pharmaceuticals, Inc."
38087bda-d477-4571-b0c3-dea7239a023d,Pammy Blanckley,4.5,AbbVie Inc.
46c029d2-3545-42e0-8f46-2b0b5ce0175c,Timothea Halsey,0.5.0,"PD-Rx Pharmaceuticals, Inc."
db6d164e-8b69-4a3a-aab2-61d04573babd,Lavena Feedham,0.3.6,Valeant Pharmaceuticals North America LLC
5eb74567-a65c-4b80-abcd-ddbeb489d5c7,Vail Hovie,2.1,"Covis Pharmaceuticals, Inc."
fd9cd1a8-dd45-4b78-baa2-71770d2ff66a,Colman Gathercole,0.5.7,Kosan Kozmetik Sanayi ve Ticaret A.S.
3cf95d83-66f9-4342-9300-cfc265d7b666,Laryssa Ather,0.7.9,Empack Spraytech Inc
62ea3330-f5d7-4aa1-aebf-32db99d4dd90,Mose Beers,3.9,Dukal Corporation
43574070-7ad8-4aee-8a66-e216472c71c0,Brendon Brithman,0.42,"Neopharm Co., Ltd."
71b84f12-2e63-4cf5-9fb5-af07b163ea1e,Ruthi Kingcott,2.1,"Nature's Way Products, Inc."
a6291c56-3d78-4e41-8d07-b53324f9fdf4,Jenni Gibbe,3.0,"Mikart, Inc."
1ff8055b-9395-4023-97f2-3fa469877c5d,Dorian Sisnett,0.73,Sandoz Inc
53f3b6c2-4c19-4ca7-83be-71b0ec8fe908,Griselda Bode,2.9.7,"PD-Rx Pharmaceuticals, Inc."
525b5ab7-4b21-4a31-b7cb-dc810acbd4a4,Fabien Thomann,3.1,"Physicians Total Care, Inc."
b17c92cf-083f-497e-b88d-dfce35ec44b3,Amalee Woosnam,4.7.3,Parfums Christian Dior
469bd8cb-65d9-463c-917a-8c7d24d7a82f,Mickie Hubner,4.10,"Medline Industries, Inc."
61155dfa-01ce-46ef-8957-75dbc6c6cb3b,Debera MacGeffen,8.95,Procter & Gamble Manufacturing Company
2a2042a7-3390-4adb-af1d-8be32ef30f0a,Mireille Koschke,4.12,"Nelco Laboratories, Inc."
479b6e7b-eac7-4bba-9456-9121f36675ab,Debbi Gosart,0.4.8,Cardinal Health
57d06332-4603-4b7a-87d0-157b532223df,Blakeley Behning,1.9,State of Florida DOH Central Pharmacy
1284a751-adb5-481a-b9ad-ed6049c5c7da,Corabelle Jarratt,1.80,KRAMER NOVIS
5b9190be-f029-477a-9b89-b334fbc00abd,Deborah Holcroft,4.78,Natural Health Supply
3eb74ad0-62a8-4a5a-be4b-4d8e44d44d9c,Dunn Roome,8.8,McKesson Contract Packaging
994c6d80-e3e0-417e-a852-7fa739a02d67,Henriette Geroldi,0.67,"Newton Laboratories, Inc."
657286a6-77fe-462b-8f9a-d761b5b3c116,Rice Graalman,0.5.9,Boots Retail USA Inc
b31639ef-17f0-45fa-ad50-7edb5ce89dfe,Karleen Osmar,4.56,Food Lion
4cc08391-5863-468e-955c-e7237c379deb,Hunfredo Eydel,5.83,"Preferred Pharmaceuticals, Inc."
89c8e6fc-7f96-4d3d-aa11-b1054fda5ea9,Anastasia Exall,0.3.9,MARKSANS PHARMA LIMITED
fee01c74-6197-452a-a3c3-a18ae72bd329,Papageno Kopacek,4.51,"Nelco Laboratories, Inc."
d2a9e419-89c9-4616-ad3d-4c3e6523c7b2,Fredrick Algeo,2.1,KAISER FOUNDATION HOSPITALS
5431a24b-f09a-4034-81c8-8a2757f8e230,Maynard Curnnokk,4.3.5,Menper Distributors Inc.
b273184b-5a83-4786-919d-f9ec5d641568,Anthe Grigore,0.95,Colgate-Palmolive Company
9918c289-4e63-4556-978d-372288b5cd17,Vaughn Phant,0.3.0,Sun Pharmaceutical Industries Limited
248fa12e-295f-473b-a40e-47fb9018e4b8,Teador Leftridge,0.24,Apotheca Company
e27ed701-b53c-4054-92d0-eb104cac943f,Lezlie Boichat,0.4.5,"Dolgencorp, LLC"
afc8d47a-e903-4d3c-8b00-5a857de95227,Domenico Gaskell,0.66,"Preferred Pharmaceuticals, Inc."
2a2d8cbf-d3c3-4df9-8dfd-a1ecf74f857a,Welby Dishman,9.1,Oceanside Pharmaceuticals
b20880cb-c5b7-470b-90cc-00adc0e1eae6,Scott Blues,1.0.0,"Sexton Weldilng Supply Co., Inc."
b21f8b90-50ac-4f70-b96c-ded0aef2cd92,Ingamar O'Cuddie,0.4.4,"Hospira, Inc."
031735bb-f752-444a-a6aa-5856bdce16d7,Tremayne Campo,2.49,"Prime Packaging, Inc."
bff39391-24ef-4c76-9c1c-a659ee6e9735,Avis Schollar,8.8.8,"Lannett Company, Inc."
67207b41-5303-4b46-b9b2-faf2705b7515,Cathee Cherrie,6.2,Ranbaxy Laboratories Inc.
736f0bc9-3954-4724-bec0-1d5a422e8a02,Silvia Phonix,0.30,L'Oreal USA Products Inc
d2b08627-3892-49d5-8811-6f04174e9894,Ive Dunkerly,4.8,Mylan Pharmaceuticals Inc.
0cf2956d-7d1d-477c-a0d4-5bd1b7eabaf6,Lea Kearton,9.1.5,Reckitt Benckiser LLC
934f70ad-b95e-4109-beee-280db400b45b,Cesar Entwistle,4.8,King Bio Inc.
aa04fd55-87ec-4a5e-adc5-2bb0ea2f0a7a,Martha Stoacley,7.17,"Roberts Oxygen Company, Inc."
45d3bdad-327e-4526-8ce8-8b756306e94b,Torin Topper,4.5.6,"Gurwitch Products, L.L.C."
7e416e29-dca5-4d29-b4ca-11b5c2ac2fee,Hamilton Caile,9.8.4,"Genentech, Inc."
f7e70b00-17c0-44f5-8e1e-db2a03fb92be,Roanne Hadgraft,0.63,"BioComp Pharma, Inc."
ca251f0c-e7dc-471f-9d83-18e7399a6426,Dani Whitfeld,3.50,B. Braun Medical Inc.
0394c9ff-ea24-40fb-b336-8e792be360a1,Enriqueta Golding,0.8.4,"Ameri-Quipt of North Carolina, Inc"
4fd4569c-04c9-4f4f-b3bf-c90e9c2f4804,Kaela Dobbison,0.96,"Hawthorn Pharmaceuticals, Inc."
5a80abe5-95f1-441f-932a-75556294342d,Sully Dodman,8.5,Genzyme Corporation
8a6ef5f9-5d8b-4cd6-b47e-74682a594e5c,Constantina Brugman,4.3,REMEDYREPACK INC.
550cc897-4dee-40e7-9f55-58956380d081,Otho Bloore,0.6.4,ESTEE LAUDER INC
0f88f3ac-f129-46c8-9715-991f098abb2b,Tanhya Degan,0.7.6,Neutrogena Corporation
1e4183f0-e9eb-414c-b957-753464d4a6d7,Penny Carless,0.4.5,"Exelan Pharmaceuticals, Inc."
cad53fe8-8b13-44e6-8082-45b9253da69f,Garv Pioli,0.4.5,Apotheca Company
6a4a996a-3618-449c-abbe-698a59dafd1e,Barris Sotheron,8.5,MARKSANS PHARMA LIMITED
65687258-4a93-47a3-819d-6f97f0cc587b,Di Trudgeon,8.5,Unique Pharmaceutical Laboratories
a8fa2151-663f-4391-b986-7cf99d4036ff,Angy Murphy,1.6.1,Keltman Pharmaceuticals Inc.
df0e8bdd-f794-4d82-849f-97c590b95ea8,Eartha Nealand,0.2.0,Cardinal Health
4c3463e0-17ce-4249-af3a-29e5d8b47902,Luise Wyeth,2.0.5,"Suneva Medical, Inc."
d4a739d4-99bf-4693-bbc5-e64dbeb14dc9,Becky Moberley,6.3.1,"Physicians Total Care, Inc."
0a64b5d0-bfe0-484f-a2b8-5e6970dd380c,Samuel Wing,0.93,Virtus Pharmaceuticals LLC
926fe27b-bfb8-4b31-83a9-3322b8cfd53c,Maxie Besse,0.6.4,7-Eleven
91e4ac45-854c-4ee3-8b64-9e50e2705366,Milli Gosswell,3.66,Topco Associates LLC
45a929d0-8be4-4a62-8206-c32ea5a93107,Demetri Mathely,4.8.9,Ventura International LTD.
079b1873-a691-4528-b613-a4cb6861020a,Abigael Mahoney,5.38,KAISER FOUNDATION HOSPITALS
713d486a-da4c-4515-9330-4c62226d6e91,Mora Burbidge,7.1,Cardinal Health
6129a053-3130-4c59-8bdb-8543f499495a,Sheryl Cremer,9.51,Lake Erie Medical DBA Quality Care Products LLC
a62884aa-f896-40ec-a2cc-7b62ab3018b1,Derick Ware,2.27,"Sigma-Tau Pharmaceuticals, Inc."
170dc4e7-e7d7-44cf-b061-1012a100555c,Bobette McMorran,1.84,Ranbaxy Pharmaceuticals Inc.
6c387eff-de2b-48d0-9747-d4e75dfc1ee1,Somerset Laughren,0.8.3,"Caregen Co., Ltd."
75fe7cf3-3de8-44c1-83a6-a960c9acdae3,Carleton Dewer,5.9.8,"MAYBORN USA, INC."
ad3a8eee-7ed4-4496-9928-e8751aee60d7,Halli Dunsmuir,0.5.4,"Antigen Laboratories, Inc."
48ec59e9-3e95-4b24-85c2-68c272f193d0,Sula Solloway,5.5,Walgreens Company
7c7365cb-6fcc-4d49-aec0-59e36f19cdaa,Tonya Humpherson,0.50,"Tarte, Inc."
681f5b36-1066-486d-abcf-0fbc0c45c7b5,Boris Papez,1.8.5,Topco Associates LLC
1e434f74-c174-439f-b773-aa9c00baa385,Astra Wherton,3.37,"ASCEND Therapeutics US, LLC"
70b58116-17fd-4771-81f2-0acb34ea6faf,Sherry Fabri,4.5.0,Bayer HealthCare Consumer Care
0551488b-a929-4466-b87c-d799ee43aa59,Aretha Pelz,4.1.0,Bryant Ranch Prepack
6bc51f71-0396-4766-9487-1718ca6e80ba,Markos Beves,0.57,Lake Erie Medical DBA Quality Care Products LLC
359c5ad6-c8da-455d-baee-dd4504d64f24,Virge Archard,1.9.9,"Nelco Laboratories, Inc."
f1b91ecb-3475-4b9e-a103-eedc09bd19cc,Sonia Malyan,5.86,"Paddock Laboratories, LLC"
5589bb76-10bc-4d1c-a8e7-af087babc71c,Josias Saleway,0.9.3,Major Pharmaceuticals
248b7080-0186-4db8-9911-d1711dc601a7,Forster Blackaller,0.93,"Dolgencorp, Inc. (DOLLAR GENERAL & REXALL)"
b4d34e06-e377-44e9-807b-10c09e14b1f9,Rudie Scimonelli,0.30,"Wal-Mart Stores, Inc"
28e940d9-0510-43a0-ae9f-8e6f88bbe835,Clementius Djekovic,6.1,Qualitest Pharmaceuticals
1b931f7a-4767-4af4-a61c-90dbffc94a86,Duane Fletham,0.95,"Creation's Garden Natural Products, Inc"
048e98eb-391a-4c3b-aadd-c98b8b66a80f,Laryssa Hayman,1.0.7,Greenbrier International
3d93d308-f6fc-41c5-a265-b9f6cd60cfe9,Blondell Petrowsky,9.4.9,"Sun Pharmaceutical Industries, Inc."
08884a61-3c18-478c-a118-2be07426313e,Oriana Hawley,0.32,McKesson Contract Packaging
d552b9ff-5356-4d3f-a229-57620c80eec0,Powell Kill,0.7.9,"Fresenius Kabi USA, LLC"
e88ff300-6bb8-4030-90e5-8c40cda56c75,Maegan Jaray,3.9,"Teva Parenteral Medicines, Inc."
62adc737-880d-4e80-9f96-bd5ed4468ed1,Ollie Mosdell,3.5.7,Jubilant HollisterStier LLC
9354294b-b0ab-4cca-89d3-1eb4405c70fd,Fairleigh Hillhouse,8.9,Energetix Corp
192b78e8-9a73-4219-bde1-7f07513eb222,Dosi Kinneally,1.6.1,"Physicians Total Care, Inc."
99fd5238-b778-435b-a064-c6f2fcef22fc,Ellsworth Mathevet,0.15,Rebel Distributors Corp
9a4fa6e9-4ad9-4df0-bd57-3e42f434a304,Massimiliano Benley,4.2.7,The Kroger Co.
a5219ffe-4e3b-4377-93fd-5abfb3b3b91a,Reinaldos Maund,9.4,Baxter Healthcare Corporation
135b3807-a45a-4e6b-a8b0-6951c3b3f153,Curr Donnison,5.09,Midlothian Laboratories
779cbc2c-56b9-4569-ac85-670ea441ddf1,Dante Brady,3.09,Walgreen Company
78d511c9-20c4-4795-a4ef-8b0099638300,Darrelle Cancelier,0.75,The Body Shop Wake Forest
46e5e251-f6a6-43e4-a23c-8fac5f6034b0,Clementina Cranke,5.3.2,Washington Homeopathic Products
75e3994a-a5b0-4b9f-a803-4d4632ada497,Anallese Olifard,3.0,"Roxane Laboratories, Inc."
bcfcdc8d-2745-4bbb-93bd-893dc89b3377,Hermia Enden,7.2,Kroger
ca55c5d1-e8ed-4bde-a9a7-11034e5a998b,Anatol Pleasants,6.34,"WG Critical Care, LLC"
d52401cd-1875-4770-a283-7ecfc0e668d2,Alvina Igounet,2.7,Procter & Gamble Manufacturing Company
9e30d52e-9c29-45a4-a53d-5c9d8adfa4d6,Nessi Muehle,4.0,J. A. Cosmetics U.S. INC
817a74c3-721c-403a-9a10-57f058e6ea17,Alasdair Hammett,4.66,Cardinal Health
9e67ca60-8c00-4f63-99cf-d1bf483b6c7c,Grannie Benedyktowicz,2.5.6,"Nelco Laboratories, Inc."
3822901c-e832-4bb5-8666-f10db87bd0f8,Nomi Zaniolo,0.9.7,"Physicians Total Care, Inc."
39620b82-767a-4eaa-8bb2-a128e980808d,Allix Yakovliv,4.07,"Johnson & Johnson Consumer Products Company, Division of Johnson & Johnson Consumer Companies, Inc."
f250c0f3-e333-4270-9fa1-26a576d2dac1,Conchita O'Donegan,6.6,Carilion Materials Management
7421065b-efe8-4764-bd75-b73d81fa4280,Dore Chatters,0.5.9,"Have and Be Co.,Ltd."
a7f853a7-feed-4fd0-abdb-34d6e942e367,Celie Sabati,1.6,Major Pharmaceuticals
0459228b-530b-43c8-9d6c-01c813ae2339,Vivien McNeillie,0.88,"Newton Laboratories, Inc."
d235221c-a9d0-458c-8e48-c7d0af63f7a4,Feodora Hembling,3.3.1,REMEDYREPACK INC.
a74e3631-66d9-4443-95d9-863094b8988d,Dougy Dumbelton,9.0.1,Clinical Solutions Wholesale
6eead0aa-2f39-4d64-896c-cf23d983b973,Lucian Moyse,0.40,Perrigo New York Inc
e55cb4ca-edd9-46a9-a49c-c980b780ee28,Delila Adnams,0.4.6,"SAVE-A-LOT FOOD STORES, LTD."
fa5d095c-0726-447a-96f4-5588e4abf1e5,Delphinia Chang,5.45,"Newton Laboratories, Inc."
316e9c8a-bea0-4282-9e29-95d7d25f771c,Brook Acklands,3.1.9,TEVA Pharmaceuticals USA Inc
76760372-572c-421c-a1f4-e6bec827059c,Bentlee Dooman,0.85,"NeoPharm, USA"
fc153ef6-7e33-4030-a849-aff1113852bd,Aubree Baszkiewicz,0.69,REMEDYREPACK INC.
52eba019-e34f-4548-bbbb-be83c7a6581a,Tedmund Gammet,0.26,Kroger Company
5728a800-fb0d-4b1c-bff8-976acec37c12,Casi Fullick,1.62,"Blenheim Pharmacal, Inc."
7c06ce98-d0fe-4d34-aabd-0d0c6e5b6e4a,Serena Grainge,6.6,"Roberts Oxygen Company, Inc."
ac9b8284-f682-4da8-bc2e-11294eec7ce3,Emalia Terrazzo,8.7.6,BJWC (Berkley & Jensen / BJ's)
21183beb-3490-4866-b218-918296395f24,Basilius McMahon,2.8,"Silarx Pharmaceuticals, Inc"
59a179f4-f7cf-4e8f-9aa9-a00d2fbf3964,Frazer Prudence,2.99,Pharmacia and Upjohn Company
812aaf5a-e71a-4764-9dea-618f643e7264,Giustino Haddick,4.9,"Golden State Medical Supply, Inc."
b4e4f9ed-ae61-49e1-8b9b-31cd003f0611,Garnette Revey,8.3.6,DZA Brands LLC
25f42fed-37de-4959-8586-30bdaaaef0b0,Garek Willcock,8.6,"Nelco Laboratories, Inc."
0e0aa612-d732-468c-abd5-61d15156d1fe,Melissa Barrus,7.9,"Eon Labs, Inc."
4553d15a-778c-4b4d-897d-d0ce3886f48b,Marlane Clynman,9.1,"McNeil Consumer Healthcare Div. McNeil-PPC, Inc"
70ac4ba3-ece7-4664-825c-77f25189be63,Wallace Stangoe,3.5.1,Mylan Institutional LLC
fb7cba94-0fab-4a51-80fd-8fccea793614,Blanche Topping,0.64,STAT Rx USA LLC
7bfe4cd5-e821-49a0-870a-bdb21a75d5ec,Clarke Bugbee,0.51,HOMEOLAB USA INC.
9ff33e10-725c-44b0-91f7-a594d93efd13,Avictor Oldroyde,0.4.8,"Lehigh Valley Respiratory Care, Lancaster"
719d8cc0-f742-4da3-b945-5d7f76d08049,Vachel O'Lynn,4.49,Ohm Laboratories Inc.
8782ed0e-fc45-4543-98e8-0cbb06954a95,Aurelia Geraudel,0.9.4,Unit Dose Services
729d5d75-5571-490a-a92f-8b838b64045e,Minetta Baselio,0.9.4,Medtech Products Inc.
1ff243ce-b327-4913-8048-3cc60410d7c3,Alyss Sayles,0.13,Patriot Pharmaceuticals LLC
b8724800-b688-4040-8e8b-b2e7484b51a8,Connie Greenin,8.5.1,Mylan Specialty
cb6431e3-2300-4504-a899-e16bffdc646a,Goldarina Fosdick,2.40,"Certus Medical, Inc."
1dabd44b-1c28-4cc1-b1a0-e52a2737b7cb,Logan Prantl,0.5.9,Hyland's
44b52d70-97af-4d30-84b5-0c0b5d50b488,Crista Elegood,5.0.6,AvPAK
512772b2-6868-489c-8eca-f4d8176e6778,Randell Malham,4.6,Kamins Dermatologics Inc.
2d29909c-46fd-4a34-8897-44ea071becd1,Evangelia Urch,0.93,"Newton Laboratories, Inc."
42f9c11f-366d-47b2-9864-366d0ff6b450,Ashlie Grinov,0.64,REMEDYREPACK INC.
ee96c3d9-7e5d-4990-aefe-6dc9e0c91da0,Haze Jiras,3.6,RedPharm Drug Inc.
27eb509a-94e6-4477-8aa4-540912ae2e98,Karlyn Hayley,0.1.9,Apotex Corp.
2418d535-9d1d-4b26-bdbc-78d76dd4bfe0,Jackie Faircloth,0.4.6,Reckitt Benckiser LLC
ea8cfb98-187e-40e5-9976-b89c0472e597,Zandra Blackater,5.1.3,AMOREPACIFIC
a37f4870-bded-4c03-9bda-09f3bfeb4208,Callean Rigolle,7.7,"Hawthorn Pharmaceuticals, Inc."
4e98cd73-c1a0-4916-b80f-8c8927656734,Robby Lyddon,0.40,Mayne Pharma
d6956b63-2cbd-4eff-9f99-b435e1ceaa48,Connie Milsom,0.97,Family Dollar
d4c393f7-ae90-4bf7-b37e-efb1446dce12,Tallulah Lepard,0.6.5,"Goldessence, Limited"
8bdc5ace-b5b6-4f70-9a4e-368d7e8878c7,Delmar Stannas,0.23,Lancaster S.A.M.
30475213-a6f5-4d6e-bdfe-236fb71a3fb8,Naomi Pearmain,3.2.0,Rebel Distributors Corp
98d60335-1cfd-4d6d-855d-0db615d56ff2,Filia Kendred,1.9.6,Apace Packaging
8e9cfdb3-9f35-4a26-a4b3-3f68c27edd7b,Janella Hallin,6.1.6,Stratus Pharmaceuticals
ace16320-ddbe-4a76-9372-9a1a9a0ebcf7,Nissie Filippov,0.6.1,Massco Dental A Division of Dunagin Pharmaceuticals
4d84171c-4278-4859-86b3-cb35abf103bf,Julissa Belliss,0.68,Cardinal Health
7d0835d1-62e2-4ac9-9c21-a2d02a9d8a6c,Lorna Collins,4.10,LernaPharm Loris Inc.
d0f652be-664a-4346-a332-86369c375d70,Reider Letterese,0.8.2,Wockhardt Limited
f6e724f4-71a2-4f9b-8427-4d195896ce0a,Barnabas Matula,6.16,TOPCO Associates LLC
bd453578-f4f5-4c34-acbd-f01c747b390a,Lynnea Beames,7.80,sanofi-aventis U.S. LLC
7338d5ac-e68f-4f87-844f-c03c319861d2,Thain Dericot,4.15,Pioneer Associates
e7bcd585-6a2b-48c1-8775-bcb803c5d8c2,Richardo Marcam,0.5.3,"Fresenius Kabi USA, LLC"
365855e8-3175-47fe-80e0-fa1fcd9f1836,Elsbeth Pereira,5.19,Cardinal Health
9ab54862-a739-4e02-8d4e-68d102df2e87,Myrtice Beardsall,5.2.2,"Nova Homeopathic Therapeutics, Inc."
3f3040d5-b06e-46fd-b071-a9ea8e24cb32,Leona Mulholland,3.9,"Pharbest Pharmaceuticals, Inc."
994d8339-ae94-48f9-9186-31518acf0d10,Glenn Eannetta,0.1.6,Mylan Pharmaceuticals Inc.
2f418edd-159c-47f7-8fd0-3d636afe2e8a,Idalia Schimpke,5.4.3,KIK Custom Products
525bbae0-2f16-496e-a849-f1d0b7d85dfe,Paulo Banister,3.6.8,Natural Immunogenics Corp.
06dd4337-4d3d-4f3f-8dfb-a9797877c5a1,Chico Mussetti,0.75,Metrex Research
f5b0b93a-fc77-423c-9aac-8f571bd91aaa,Tome Lattka,0.7.0,Conopco Inc. d/b/a Unilever
e789d72d-e9df-44bb-b676-90b131a43554,Caterina Marsh,2.1.6,Mission Hills S.A de C.V
c24bdcc3-b95b-4382-b010-cb82c9ab78cd,Viviyan Lavis,0.78,Bonne Bell LLC
8df73c17-20c1-4918-8b2c-11f95058cfdc,Jasper Normandale,8.13,Actavis Elizabeth LLC
d9da9943-0538-4ea2-848a-6abaa5e1f58c,Quillan Fairham,6.8,Wal-Mart Stores Inc
a579a6be-978a-4fa3-8cde-5b683ffdc04f,Pavia Grocutt,0.49,Navajo Manufacturing Company Inc.
c95a8b74-49dd-484d-9cf8-5ac09b5202a5,Andra Stollenhof,8.7.8,"Nelco Laboratories, Inc."
80c09062-4c0f-4964-9da9-1ecc9974aa9b,Jerrold Headly,5.1.9,"Teva Women's Health, Inc."
d63a06b6-398b-4643-9b84-e8c585ae1d40,Bondy Cutbush,2.7,APOLLO HEALTH AND BEAUTY CARE
9816e4ef-4c8f-458e-a659-a063f6314ff2,Coleen Bartlet,2.8.3,Medicis Pharmaceutical Corp
25f893b3-96e5-4691-85c9-03c411240f55,Panchito McQuirk,0.53,Cardinal Health
e197ed36-21ae-42fe-b245-67f5e6bbfa5f,Victoria Pietasch,7.3,"Cover FX Skin Care, Inc."
98b76f1e-3f15-4e85-9dcf-4d5eb28af7fc,Carlota Sellek,0.8.7,Insight Pharmaceuticals
9e216bd9-7fa1-4ea6-a362-803d4f0379b1,Jordan Sturton,0.76,Carilion Materials Management
f0437ca9-445d-462b-94db-b49ff1cc6fa7,Scotti Aberdalgy,0.1.1,TOPCO ASSOCIATES LLC
81512e38-f72a-48f3-880d-1536d8584fbc,Eleonora Trainor,0.68,"AvKARE, Inc."
d836a398-f36b-4b14-ad8c-ac282bea3a9c,Mickie Meehan,9.85,GlaxoSmithKline LLC
3b3e5552-74b7-4acd-a1a2-1d45f72eb2a1,Garek Jannasch,3.54,Sagent Pharmaceuticals
161c29e6-a592-48cb-a081-f60b0cabb17b,Quintina Spirit,9.8.4,"Larken Laboratories, Inc."
d9ea5fff-7a5d-4664-ab8f-54bb531a7795,Ferdinanda Blakemore,3.3,"AMI Cosmetic Co.,Ltd."
3dc71ffe-c70d-47ea-99d7-46b10eae2cf3,Joshuah Datte,6.9,Reckitt Benckiser LLC
976ea4fd-5233-40a4-9c40-39e36fdc1f8b,Vania Mathet,1.3.8,Qualitest Pharmaceuticals
bd94f382-e345-45a8-81c7-c18a5860c840,Ferdinanda Rickets,0.48,"Dr. Fresh, Inc"
3bbc85d0-8cc7-4edf-a4a6-326afdfd0d9a,Eamon Morford,8.1.6,Cardinal Health
22800293-75e6-492a-bc18-d77c44a16bc6,Alice Benit,6.70,ALILY (ZHANGZHOU) BATH PRODUCTS LTD.
c61837fa-0c0d-4ccb-8a62-1f876110e5c5,Adiana Strothers,0.6.8,"Camber Pharmaceuticals, Inc."
97dc42f1-9ec1-4fee-942c-da362a666c74,Jo-ann Radsdale,6.56,Ventura International LTD
15654bed-2540-4327-9ba9-484eb494c2e1,Maiga Seadon,0.9.8,Rite Aid Corporation
6f1539d8-3c72-4d5c-99c2-ddd792895a71,Zacharie Antosch,8.0.4,McKesson Packaging Services Business Unit of McKesson Corporation
09a266ad-a87a-42d3-8f3a-f1e22b5ddba8,Babbette Easun,6.4,"UDL Laboratories, Inc."
7e389084-dea1-4507-b548-97b4acc27e57,Lacee Wehden,3.3.8,"Hospira, Inc."
d07f90b9-ec82-4ea6-bf4a-4a5ad8ad3afb,Kirby Hurn,5.2.1,Laboratoires Clarins S.A.
72fba9d8-78f7-4dc7-9f8a-7e2f3d62885b,Dixie Keir,0.85,"Papermates, Inc. dba Noteworthy"
2ad4baa5-daaa-4104-8f0d-bfdc94a94260,Hillary Floodgate,9.8.5,"Preferred Pharmaceuticals, Inc"
8e16299c-18f4-4ce1-b62a-c950516ba0bf,Bess Chestnutt,1.26,Unit Dose Services
539956a0-4d2b-473a-a661-8c3877c107f1,Ashlee Hulcoop,2.87,Winthrop U.S.
fe0d31c0-b8ff-4590-a577-e0809855a3cf,Karry Errichelli,0.65,Aidarex Pharmaceuticals LLC
b53747a0-27f5-4c39-ab05-3525e5ce950c,Ragnar Storrah,0.39,Jazz Pharmaceuticals Commercial Corp.
18a160f2-8b24-478b-bb40-820bd9a4467a,Elwyn Bransdon,0.67,"The Hain Celestial Group, Inc."
a3cbbd2f-249d-4bb1-8196-36500f5fa68d,Bertine Earnshaw,0.2.4,Perrigo New York Inc
4e3a5427-1648-4879-8588-cd79a737fa2b,Clea Milier,5.0,Cardinal Health
9a8394d3-fc64-459e-974a-48b5cc7fdacf,Ann-marie Jatczak,3.14,Family Dollar
e31b15b8-1ecc-4697-90f7-2583ce765007,Kevon Armal,1.9,Blistex Inc.
dcb486b6-b521-4d89-9954-8b8d54729ffb,Enrica Wibberley,4.1,"Caraco Pharmaceutical Laboratories, Ltd."
4d4546ef-9b44-4478-bfa0-d4540eb816d6,Huntington Putson,1.8.6,"Carver Korea Co.,Ltd"
d9a68456-2c57-4d13-9414-05cc88f2bfd8,Deonne Scoterbosh,8.4.5,Dr.Reddy's Laboratories Limited
4a317f50-446e-4815-9a20-0f51324ca629,Lorita Duce,8.4,Rebel Distributors Corp
fe1ebbde-9072-40c8-8bbc-e3451fe4de30,Thomasine Barnet,0.77,Septodont
1d1dc49d-0d91-446d-a606-c80124a28383,Wanids Espinal,5.1,Select Brand
6dcebda6-aa71-42e8-b6b9-cbfb44a6e713,Cassandra Lebreton,0.87,"Nelco Laboratories, Inc."
cb96edf9-176d-404a-892b-429c6c36f279,Ruby Gavriel,6.43,Sandoz Inc
18bb0425-e652-4003-b134-af12042337b3,Sherilyn Ormrod,7.7.3,Torrent Pharmaceuticals Limited
1f337138-0ab2-448b-b2c4-cdf1ff9c8762,Gerda MacGowan,9.28,AstraZeneca LP
54066ff6-7ff0-4756-94bd-d614491c4d77,Lavena Hurn,0.2.1,Proficient Rx LP
2d571da8-54f6-4eef-820d-3cf586c4cd34,Justin Float,1.8,Precision Dose Inc.
8e9b7903-3f84-400b-82a8-3d66c32d61a3,Arlyn Narraway,0.72,"Aphena Pharma Solutions - Tennessee, LLC"
970a4833-6bb4-4f52-a6a0-ead705bf1efe,Pauly Bracegirdle,0.1.8,Strides Arcolab Limited
6733c91c-71f9-4214-9017-ca17b58f7840,Georgina Hellyer,0.3.5,"Physicians Total Care, Inc."
cf5013aa-d59b-4318-b2a2-8ebc0aeb689d,Ame Feltoe,0.71,REMEDYREPACK INC.
6be642d1-ba44-45e5-adca-6950ae509ba7,Hinda Craigmyle,0.26,Bryant Ranch Prepack
142c7bbf-3bf9-41ce-8dbc-e5832e398eba,Fremont Gunderson,0.40,"Nelco Laboratories, Inc."
a2213096-4fae-4022-87a9-8d12925739cc,Pascale Steventon,4.88,"Peaceful Mountain, Inc."
2349e498-8e5c-47ca-8537-ed99e52efc29,Gayel Romao,4.5,"Dispensing Solutions, Inc."
5ab282fe-e080-4628-8ae5-a618ced28287,Maxie Espin,0.31,American Health Packaging
bdec5b7e-e6bc-4155-9737-c58a70926c81,Erinna Antonsen,7.1,"Nelco Laboratories, Inc."
be8609a6-8c0f-4926-b111-69d3272b1ad0,Mariele Curro,0.99,Ventura Corporation LTD.
c7231148-42a4-406a-b08a-25390d783b78,Ambrosius Thurnham,9.9,Bryant Ranch Prepack
4b7c1f92-cabe-43a4-8a16-4d861fa7460b,Annecorinne Goodspeed,0.42,"G & NATURE Co., Ltd."
fd9d5f4b-34bd-4d28-9d16-91fcf54e2be5,Danica Standell,9.63,"McNeil Consumer Healthcare Div. McNeil-PPC, Inc"
0072c39e-60ed-4cde-852c-15ffddaf6519,Charity Heathwood,0.6.1,"Johnson & Johnson Consumer Products Company, Division of Johnson & Johnson Consumer Companies, Inc."
e5c62296-8712-4f8b-ac56-563f21918818,Misti Challinor,1.4,Supervalu Inc
3543933d-b193-4276-91fa-f87a944f41cc,Krishnah Berkely,1.7,Barr Laboratories Inc.
53fa0fb0-c6d5-4e44-8bf1-32ae14be9cfb,Nicolle Brumhead,8.86,Safeway
294784b3-94da-4ad5-863d-e5ecdcf63847,Read Rickert,1.3.0,Philosophy
f23bbd7e-d543-42bd-8b67-56b76a6d107d,Faustine Cornely,5.8.6,Advanced Generic Corporation
e6a581c1-df9c-4923-9e3c-767e2850181e,Malynda McGlaud,1.78,Amerisource Bergen
f81e6b42-312e-4d51-a281-ecec4f103065,Melantha Saddler,0.53,Safeway
b0cb3bfa-2041-4fce-aa0d-f30163b46c47,Tallia Dominico,4.60,Bocchi Laboratories Inc.
91529321-9809-4bce-84be-65e3018a54e3,Walther O'Dea,4.73,"Xiamen Anna Global Co., Ltd"
c523273c-c66c-4c38-a52f-5d2025bdb175,Britte Bartosik,5.8,"ALK-Abello, Inc."
40ecd6c4-9e49-4271-aeff-a82e80034b5e,Bethanne Craik,6.5,"ALK-Abello, Inc."
20edcaa5-5c72-4801-8a34-d213db495357,Angeline Griffithe,0.50,"Teva Parenteral Medicines, Inc"
